timestamp,dp_id,dp_name,packet_ins_per_sec,flow_msgs_sent_per_sec,vlan_hosts_learned_rate,of_errors_per_sec,dp_disconnections_per_sec,flow_table_full_per_sec
2025-07-04T10:53:47.271709,0x1,sw1,0,0,2.0,0,0,0
2025-07-04T10:53:47.271709,0x2,sw2,0,0,0.0,0,0,0
2025-07-04T10:53:48.284510,0x1,sw1,0,0,0.0,0,0,0
2025-07-04T10:53:48.284510,0x2,sw2,0,0,0.0,0,0,0
2025-07-04T10:53:49.296670,0x1,sw1,0,0,0.0,0,0,0
2025-07-04T10:53:49.296670,0x2,sw2,0,0,0.0,0,0,0
2025-07-04T10:53:50.307175,0x1,sw1,0,0,0.0,0,0,0
2025-07-04T10:53:50.307175,0x2,sw2,0,0,0.0,0,0,0
2025-07-04T10:53:51.319971,0x1,sw1,0,0,0.0,0,0,0
2025-07-04T10:53:51.319971,0x2,sw2,0,0,0.0,0,0,0
2025-07-04T10:53:52.334087,0x1,sw1,0,0,0.0,0,0,0
2025-07-04T10:53:52.334087,0x2,sw2,0,0,0.0,0,0,0
2025-07-04T10:53:53.345477,0x1,sw1,0,0,0.0,0,0,0
2025-07-04T10:53:53.345477,0x2,sw2,0,0,0.0,0,0,0
2025-07-04T10:53:54.362919,0x1,sw1,0,0,0.0,0,0,0
2025-07-04T10:53:54.362919,0x2,sw2,0,0,0.0,0,0,0
2025-07-04T10:53:55.379913,0x1,sw1,0,0,0.0,0,0,0
2025-07-04T10:53:55.379913,0x2,sw2,0,0,0.0,0,0,0
2025-07-04T10:53:56.399208,0x1,sw1,0,0,0.0,0,0,0
2025-07-04T10:53:56.399208,0x2,sw2,0,0,0.0,0,0,0
2025-07-04T10:53:57.413259,0x1,sw1,0,0,0.0,0,0,0
2025-07-04T10:53:57.413259,0x2,sw2,0,0,0.0,0,0,0
2025-07-04T10:53:58.427110,0x1,sw1,0,0,0.0,0,0,0
2025-07-04T10:53:58.427110,0x2,sw2,0,0,0.0,0,0,0
2025-07-04T10:53:59.446209,0x1,sw1,0,0,0.0,0,0,0
2025-07-04T10:53:59.446209,0x2,sw2,0,0,0.0,0,0,0
2025-07-04T10:54:00.487083,0x1,sw1,0,0,0.0,0,0,0
2025-07-04T10:54:00.487083,0x2,sw2,0,0,0.0,0,0,0
2025-07-04T10:54:01.507791,0x1,sw1,0,0,0.0,0,0,0
2025-07-04T10:54:01.507791,0x2,sw2,0,0,0.0,0,0,0
2025-07-04T10:54:02.522478,0x1,sw1,0,0,0.0,0,0,0
2025-07-04T10:54:02.522478,0x2,sw2,0,0,0.0,0,0,0
2025-07-04T10:54:03.535107,0x1,sw1,0,0,0.0,0,0,0
2025-07-04T10:54:03.535107,0x2,sw2,0,0,0.0,0,0,0
2025-07-04T10:54:04.547152,0x1,sw1,0,0,0.0,0,0,0
2025-07-04T10:54:04.547152,0x2,sw2,0,0,0.0,0,0,0
2025-07-04T10:54:05.559518,0x1,sw1,0,0,0.0,0,0,0
2025-07-04T10:54:05.559518,0x2,sw2,0,0,0.0,0,0,0
2025-07-04T10:54:06.581192,0x1,sw1,0,0,0.0,0,0,0
2025-07-04T10:54:06.581192,0x2,sw2,0,0,0.0,0,0,0
2025-07-04T10:54:07.593060,0x1,sw1,0,0,0.0,0,0,0
2025-07-04T10:54:07.593060,0x2,sw2,0,0,0.0,0,0,0
2025-07-04T10:54:08.609829,0x1,sw1,0,0,0.0,0,0,0
2025-07-04T10:54:08.609829,0x2,sw2,0,0,0.0,0,0,0
2025-07-04T10:54:09.624224,0x1,sw1,0,0,0.0,0,0,0
2025-07-04T10:54:09.624224,0x2,sw2,0,0,0.0,0,0,0
2025-07-04T10:54:10.641304,0x1,sw1,0,0,0.0,0,0,0
2025-07-04T10:54:10.641304,0x2,sw2,0,0,0.0,0,0,0
2025-07-04T10:54:11.656496,0x1,sw1,0,0,0.0,0,0,0
2025-07-04T10:54:11.656496,0x2,sw2,0,0,0.0,0,0,0
2025-07-04T10:54:12.669229,0x1,sw1,0,0,0.0,0,0,0
2025-07-04T10:54:12.669229,0x2,sw2,0,0,0.0,0,0,0
2025-07-04T10:54:13.688438,0x1,sw1,0,0,0.0,0,0,0
2025-07-04T10:54:13.688438,0x2,sw2,0,0,0.0,0,0,0
2025-07-04T10:54:14.711199,0x1,sw1,0,0,0.0,0,0,0
2025-07-04T10:54:14.711199,0x2,sw2,0,0,0.0,0,0,0
2025-07-04T10:54:15.738178,0x1,sw1,0,0,0.0,0,0,0
2025-07-04T10:54:15.738178,0x2,sw2,0,0,0.0,0,0,0
2025-07-04T10:54:16.757214,0x1,sw1,0,0,0.0,0,0,0
2025-07-04T10:54:16.757214,0x2,sw2,0,0,0.0,0,0,0
2025-07-04T10:54:17.821372,0x1,sw1,0,0,0.0,0,0,0
2025-07-04T10:54:17.821372,0x2,sw2,0,0,0.0,0,0,0
2025-07-04T10:54:18.842074,0x1,sw1,0,0,0.0,0,0,0
2025-07-04T10:54:18.842074,0x2,sw2,0,0,0.0,0,0,0
2025-07-04T10:54:19.865827,0x1,sw1,0,0,0.0,0,0,0
2025-07-04T10:54:19.865827,0x2,sw2,0,0,0.0,0,0,0
2025-07-04T10:54:20.877672,0x1,sw1,0,0,0.0,0,0,0
2025-07-04T10:54:20.877672,0x2,sw2,0,0,0.0,0,0,0
2025-07-04T10:54:21.897858,0x1,sw1,0,0,0.0,0,0,0
2025-07-04T10:54:21.897858,0x2,sw2,0,0,0.0,0,0,0
2025-07-04T10:54:22.911661,0x1,sw1,0,0,0.0,0,0,0
2025-07-04T10:54:22.911661,0x2,sw2,0,0,0.0,0,0,0
2025-07-04T10:54:23.931838,0x1,sw1,0,0,0.0,0,0,0
2025-07-04T10:54:23.931838,0x2,sw2,0,0,0.0,0,0,0
2025-07-04T10:54:24.944552,0x1,sw1,0,0,0.0,0,0,0
2025-07-04T10:54:24.944552,0x2,sw2,0,0,0.0,0,0,0
2025-07-04T10:54:25.959731,0x1,sw1,0,0,0.0,0,0,0
2025-07-04T10:54:25.959731,0x2,sw2,0,0,0.0,0,0,0
2025-07-04T10:54:26.971786,0x1,sw1,0,0,0.0,0,0,0
2025-07-04T10:54:26.971786,0x2,sw2,0,0,0.0,0,0,0
2025-07-04T10:54:27.987790,0x1,sw1,0,0,0.0,0,0,0
2025-07-04T10:54:27.987790,0x2,sw2,0,0,0.0,0,0,0
2025-07-04T10:54:29.003284,0x1,sw1,0,0,0.0,0,0,0
2025-07-04T10:54:29.003284,0x2,sw2,0,0,0.0,0,0,0
2025-07-04T10:54:30.025938,0x1,sw1,0,0,0.0,0,0,0
2025-07-04T10:54:30.025938,0x2,sw2,0,0,0.0,0,0,0
2025-07-04T10:54:31.049469,0x1,sw1,0,0,0.0,0,0,0
2025-07-04T10:54:31.049469,0x2,sw2,0,0,0.0,0,0,0
2025-07-04T10:54:32.062892,0x1,sw1,0,0,0.0,0,0,0
2025-07-04T10:54:32.062892,0x2,sw2,0,0,0.0,0,0,0
2025-07-04T10:54:33.077705,0x1,sw1,0,0,0.0,0,0,0
2025-07-04T10:54:33.077705,0x2,sw2,0,0,0.0,0,0,0
2025-07-04T10:54:34.089275,0x1,sw1,0,0,0.0,0,0,0
2025-07-04T10:54:34.089275,0x2,sw2,0,0,0.0,0,0,0
2025-07-04T10:54:35.102949,0x1,sw1,0,0,0.0,0,0,0
2025-07-04T10:54:35.102949,0x2,sw2,0,0,0.0,0,0,0
2025-07-04T10:54:36.121492,0x1,sw1,0,0,0.0,0,0,0
2025-07-04T10:54:36.121492,0x2,sw2,0,0,0.0,0,0,0
2025-07-04T10:54:37.136238,0x1,sw1,0,0,0.0,0,0,0
2025-07-04T10:54:37.136238,0x2,sw2,0,0,0.0,0,0,0
2025-07-04T10:54:38.149655,0x1,sw1,0,0,0.0,0,0,0
2025-07-04T10:54:38.149655,0x2,sw2,0,0,0.0,0,0,0
2025-07-04T10:54:39.184713,0x1,sw1,0,0,0.0,0,0,0
2025-07-04T10:54:39.184713,0x2,sw2,0,0,0.0,0,0,0
2025-07-04T10:54:40.196299,0x1,sw1,0,0,0.0,0,0,0
2025-07-04T10:54:40.196299,0x2,sw2,0,0,0.0,0,0,0
2025-07-04T10:54:41.210306,0x1,sw1,0,0,0.0,0,0,0
2025-07-04T10:54:41.210306,0x2,sw2,0,0,0.0,0,0,0
2025-07-04T10:54:42.243183,0x1,sw1,0,0,0.0,0,0,0
2025-07-04T10:54:42.243183,0x2,sw2,0,0,0.0,0,0,0
2025-07-04T10:54:43.292581,0x1,sw1,0,0,0.0,0,0,0
2025-07-04T10:54:43.292581,0x2,sw2,0,0,0.0,0,0,0
2025-07-04T10:54:44.332190,0x1,sw1,0,0,0.0,0,0,0
2025-07-04T10:54:44.332190,0x2,sw2,0,0,0.0,0,0,0
2025-07-04T10:54:45.363861,0x1,sw1,0,0,0.0,0,0,0
2025-07-04T10:54:45.363861,0x2,sw2,0,0,0.0,0,0,0
2025-07-04T10:54:46.382600,0x1,sw1,0,0,0.0,0,0,0
2025-07-04T10:54:46.382600,0x2,sw2,0,0,0.0,0,0,0
2025-07-04T10:54:47.397120,0x1,sw1,0,0,0.0,0,0,0
2025-07-04T10:54:47.397120,0x2,sw2,0,0,0.0,0,0,0
2025-07-04T10:54:48.414109,0x1,sw1,0,0,0.0,0,0,0
2025-07-04T10:54:48.414109,0x2,sw2,0,0,0.0,0,0,0
2025-07-04T10:54:49.427173,0x1,sw1,0,0,0.0,0,0,0
2025-07-04T10:54:49.427173,0x2,sw2,0,0,0.0,0,0,0
2025-07-04T10:54:50.447289,0x1,sw1,0,0,0.0,0,0,0
2025-07-04T10:54:50.447289,0x2,sw2,0,0,0.0,0,0,0
2025-07-04T10:54:51.463525,0x1,sw1,0,0,0.0,0,0,0
2025-07-04T10:54:51.463525,0x2,sw2,0,0,0.0,0,0,0
2025-07-04T10:54:52.477595,0x1,sw1,0,0,0.0,0,0,0
2025-07-04T10:54:52.477595,0x2,sw2,0,0,0.0,0,0,0
2025-07-04T10:54:53.490029,0x1,sw1,0,0,0.0,0,0,0
2025-07-04T10:54:53.490029,0x2,sw2,0,0,0.0,0,0,0
2025-07-04T10:54:54.511929,0x1,sw1,0,0,0.0,0,0,0
2025-07-04T10:54:54.511929,0x2,sw2,0,0,0.0,0,0,0
2025-07-04T10:54:55.532603,0x1,sw1,0,0,0.0,0,0,0
2025-07-04T10:54:55.532603,0x2,sw2,0,0,0.0,0,0,0
2025-07-04T10:54:56.550942,0x1,sw1,0,0,0.0,0,0,0
2025-07-04T10:54:56.550942,0x2,sw2,0,0,0.0,0,0,0
2025-07-04T10:54:57.563235,0x1,sw1,0,0,0.0,0,0,0
2025-07-04T10:54:57.563235,0x2,sw2,0,0,0.0,0,0,0
2025-07-04T10:54:58.583491,0x1,sw1,0,0,0.0,0,0,0
2025-07-04T10:54:58.583491,0x2,sw2,0,0,0.0,0,0,0
2025-07-04T10:54:59.599731,0x1,sw1,0,0,0.0,0,0,0
2025-07-04T10:54:59.599731,0x2,sw2,0,0,0.0,0,0,0
2025-07-04T10:55:00.612110,0x1,sw1,0,0,0.0,0,0,0
2025-07-04T10:55:00.612110,0x2,sw2,0,0,0.0,0,0,0
2025-07-04T10:55:01.625061,0x1,sw1,0,0,0.0,0,0,0
2025-07-04T10:55:01.625061,0x2,sw2,0,0,0.0,0,0,0
2025-07-04T10:55:02.638674,0x1,sw1,0,0,0.0,0,0,0
2025-07-04T10:55:02.638674,0x2,sw2,0,0,0.0,0,0,0
2025-07-04T10:55:03.652025,0x1,sw1,0,0,0.0,0,0,0
2025-07-04T10:55:03.652025,0x2,sw2,0,0,0.0,0,0,0
2025-07-04T10:55:04.669061,0x1,sw1,0,0,0.0,0,0,0
2025-07-04T10:55:04.669061,0x2,sw2,0,0,0.0,0,0,0
2025-07-04T10:55:05.704788,0x1,sw1,0,0,0.0,0,0,0
2025-07-04T10:55:05.704788,0x2,sw2,0,0,0.0,0,0,0
2025-07-04T10:55:06.718468,0x1,sw1,0,0,0.0,0,0,0
2025-07-04T10:55:06.718468,0x2,sw2,0,0,0.0,0,0,0
2025-07-04T10:55:07.739176,0x1,sw1,0,0,0.0,0,0,0
2025-07-04T10:55:07.739176,0x2,sw2,0,0,0.0,0,0,0
2025-07-04T10:55:08.752925,0x1,sw1,0,0,0.0,0,0,0
2025-07-04T10:55:08.752925,0x2,sw2,0,0,0.0,0,0,0
2025-07-04T10:55:09.771106,0x1,sw1,0,0,0.0,0,0,0
2025-07-04T10:55:09.771106,0x2,sw2,0,0,0.0,0,0,0
2025-07-04T10:55:10.785156,0x1,sw1,0,0,0.0,0,0,0
2025-07-04T10:55:10.785156,0x2,sw2,0,0,0.0,0,0,0
2025-07-04T10:55:11.797689,0x1,sw1,0,0,0.0,0,0,0
2025-07-04T10:55:11.797689,0x2,sw2,0,0,0.0,0,0,0
2025-07-04T10:55:12.809933,0x1,sw1,0,0,0.0,0,0,0
2025-07-04T10:55:12.809933,0x2,sw2,0,0,0.0,0,0,0
2025-07-04T10:55:13.827653,0x1,sw1,0,0,0.0,0,0,0
2025-07-04T10:55:13.827653,0x2,sw2,0,0,0.0,0,0,0
2025-07-04T10:55:14.842907,0x1,sw1,0,0,0.0,0,0,0
2025-07-04T10:55:14.842907,0x2,sw2,0,0,0.0,0,0,0
2025-07-04T10:55:15.857883,0x1,sw1,0,0,0.0,0,0,0
2025-07-04T10:55:15.857883,0x2,sw2,0,0,0.0,0,0,0
2025-07-04T10:55:16.872620,0x1,sw1,0,0,0.0,0,0,0
2025-07-04T10:55:16.872620,0x2,sw2,0,0,0.0,0,0,0
2025-07-04T10:55:17.905887,0x1,sw1,0,0,0.0,0,0,0
2025-07-04T10:55:17.905887,0x2,sw2,0,0,0.0,0,0,0
2025-07-04T10:55:18.927893,0x1,sw1,0,0,0.0,0,0,0
2025-07-04T10:55:18.927893,0x2,sw2,0,0,0.0,0,0,0
2025-07-04T10:55:19.949564,0x1,sw1,0,0,0.0,0,0,0
2025-07-04T10:55:19.949564,0x2,sw2,0,0,0.0,0,0,0
2025-07-04T10:55:20.968551,0x1,sw1,0,0,0.0,0,0,0
2025-07-04T10:55:20.968551,0x2,sw2,0,0,0.0,0,0,0
2025-07-04T10:55:21.993253,0x1,sw1,0,0,0.0,0,0,0
2025-07-04T10:55:21.993253,0x2,sw2,0,0,0.0,0,0,0
2025-07-04T10:55:23.012221,0x1,sw1,0,0,0.0,0,0,0
2025-07-04T10:55:23.012221,0x2,sw2,0,0,0.0,0,0,0
2025-07-04T10:55:24.040932,0x1,sw1,0,0,0.0,0,0,0
2025-07-04T10:55:24.040932,0x2,sw2,0,0,0.0,0,0,0
2025-07-04T10:55:25.056338,0x1,sw1,0,0,0.0,0,0,0
2025-07-04T10:55:25.056338,0x2,sw2,0,0,0.0,0,0,0
2025-07-04T10:55:26.085858,0x1,sw1,0,0,0.0,0,0,0
2025-07-04T10:55:26.085858,0x2,sw2,0,0,0.0,0,0,0
2025-07-04T10:55:27.118097,0x1,sw1,0,0,0.0,0,0,0
2025-07-04T10:55:27.118097,0x2,sw2,0,0,0.0,0,0,0
2025-07-04T10:55:28.142234,0x1,sw1,0,0,0.0,0,0,0
2025-07-04T10:55:28.142234,0x2,sw2,0,0,0.0,0,0,0
2025-07-04T10:55:29.167122,0x1,sw1,0,0,0.0,0,0,0
2025-07-04T10:55:29.167122,0x2,sw2,0,0,0.0,0,0,0
2025-07-04T10:55:30.189251,0x1,sw1,0,0,0.0,0,0,0
2025-07-04T10:55:30.189251,0x2,sw2,0,0,0.0,0,0,0
2025-07-04T10:55:31.208921,0x1,sw1,0,0,0.0,0,0,0
2025-07-04T10:55:31.208921,0x2,sw2,0,0,0.0,0,0,0
2025-07-04T10:55:32.230909,0x1,sw1,0,0,0.0,0,0,0
2025-07-04T10:55:32.230909,0x2,sw2,0,0,0.0,0,0,0
2025-07-04T10:55:33.269771,0x1,sw1,0,0,0.0,0,0,0
2025-07-04T10:55:33.269771,0x2,sw2,0,0,0.0,0,0,0
2025-07-04T10:55:34.293001,0x1,sw1,0,0,0.0,0,0,0
2025-07-04T10:55:34.293001,0x2,sw2,0,0,0.0,0,0,0
2025-07-04T10:55:35.309354,0x1,sw1,0,0,0.0,0,0,0
2025-07-04T10:55:35.309354,0x2,sw2,0,0,0.0,0,0,0
2025-07-04T10:55:36.352537,0x1,sw1,0,0,0.0,0,0,0
2025-07-04T10:55:36.352537,0x2,sw2,0,0,0.0,0,0,0
2025-07-04T10:55:37.370634,0x1,sw1,0,0,0.0,0,0,0
2025-07-04T10:55:37.370634,0x2,sw2,0,0,0.0,0,0,0
2025-07-04T10:55:38.400200,0x1,sw1,0,0,0.0,0,0,0
2025-07-04T10:55:38.400200,0x2,sw2,0,0,0.0,0,0,0
2025-07-04T10:55:39.437185,0x1,sw1,0,0,0.0,0,0,0
2025-07-04T10:55:39.437185,0x2,sw2,0,0,0.0,0,0,0
2025-07-04T10:55:40.476649,0x1,sw1,0,0,0.0,0,0,0
2025-07-04T10:55:40.476649,0x2,sw2,0,0,0.0,0,0,0
2025-07-04T10:55:41.499311,0x1,sw1,0,0,0.0,0,0,0
2025-07-04T10:55:41.499311,0x2,sw2,0,0,0.0,0,0,0
2025-07-04T10:55:42.516050,0x1,sw1,0,0,0.0,0,0,0
2025-07-04T10:55:42.516050,0x2,sw2,0,0,0.0,0,0,0
2025-07-04T10:55:43.544752,0x1,sw1,0,0,0.0,0,0,0
2025-07-04T10:55:43.544752,0x2,sw2,0,0,0.0,0,0,0
2025-07-04T10:55:44.573345,0x1,sw1,0,0,0.0,0,0,0
2025-07-04T10:55:44.573345,0x2,sw2,0,0,0.0,0,0,0
2025-07-04T10:55:45.603300,0x1,sw1,0,0,0.0,0,0,0
2025-07-04T10:55:45.603300,0x2,sw2,0,0,0.0,0,0,0
2025-07-04T10:55:46.620864,0x1,sw1,0,0,0.0,0,0,0
2025-07-04T10:55:46.620864,0x2,sw2,0,0,0.0,0,0,0
2025-07-04T10:55:47.640863,0x1,sw1,0,0,0.0,0,0,0
2025-07-04T10:55:47.640863,0x2,sw2,0,0,0.0,0,0,0
2025-07-04T10:55:48.686636,0x1,sw1,0,0,0.0,0,0,0
2025-07-04T10:55:48.686636,0x2,sw2,0,0,0.0,0,0,0
2025-07-04T10:55:49.719133,0x1,sw1,0,0,0.0,0,0,0
2025-07-04T10:55:49.719133,0x2,sw2,0,0,0.0,0,0,0
2025-07-04T10:55:50.741492,0x1,sw1,0,0,0.0,0,0,0
2025-07-04T10:55:50.741492,0x2,sw2,0,0,0.0,0,0,0
2025-07-04T10:55:51.761256,0x1,sw1,0,0,0.0,0,0,0
2025-07-04T10:55:51.761256,0x2,sw2,0,0,0.0,0,0,0
2025-07-04T10:55:52.797849,0x1,sw1,0,0,0.0,0,0,0
2025-07-04T10:55:52.797849,0x2,sw2,0,0,0.0,0,0,0
2025-07-04T10:55:53.841019,0x1,sw1,0,0,0.0,0,0,0
2025-07-04T10:55:53.841019,0x2,sw2,0,0,0.0,0,0,0
2025-07-04T10:55:54.863982,0x1,sw1,0,0,0.0,0,0,0
2025-07-04T10:55:54.863982,0x2,sw2,0,0,0.0,0,0,0
2025-07-04T10:55:55.895100,0x1,sw1,0,0,0.0,0,0,0
2025-07-04T10:55:55.895100,0x2,sw2,0,0,0.0,0,0,0
2025-07-04T10:55:56.927670,0x1,sw1,0,0,0.0,0,0,0
2025-07-04T10:55:56.927670,0x2,sw2,0,0,0.0,0,0,0
2025-07-04T10:55:57.962290,0x1,sw1,0,0,0.0,0,0,0
2025-07-04T10:55:57.962290,0x2,sw2,0,0,0.0,0,0,0
2025-07-04T10:55:58.981924,0x1,sw1,0,0,0.0,0,0,0
2025-07-04T10:55:58.981924,0x2,sw2,0,0,0.0,0,0,0
2025-07-04T10:56:00.006176,0x1,sw1,0,0,0.0,0,0,0
2025-07-04T10:56:00.006176,0x2,sw2,0,0,0.0,0,0,0
2025-07-04T10:56:01.024388,0x1,sw1,0,0,0.0,0,0,0
2025-07-04T10:56:01.024388,0x2,sw2,0,0,0.0,0,0,0
2025-07-04T10:56:02.047635,0x1,sw1,0,0,0.0,0,0,0
2025-07-04T10:56:02.047635,0x2,sw2,0,0,0.0,0,0,0
2025-07-04T10:56:03.067844,0x1,sw1,0,0,0.0,0,0,0
2025-07-04T10:56:03.067844,0x2,sw2,0,0,0.0,0,0,0
2025-07-04T10:56:04.116019,0x1,sw1,0,0,0.0,0,0,0
2025-07-04T10:56:04.116019,0x2,sw2,0,0,0.0,0,0,0
2025-07-04T10:56:05.145058,0x1,sw1,0,0,0.0,0,0,0
2025-07-04T10:56:05.145058,0x2,sw2,0,0,0.0,0,0,0
2025-07-04T10:56:06.170749,0x1,sw1,0,0,0.0,0,0,0
2025-07-04T10:56:06.170749,0x2,sw2,0,0,0.0,0,0,0
2025-07-04T10:56:07.193014,0x1,sw1,0,0,0.0,0,0,0
2025-07-04T10:56:07.193014,0x2,sw2,0,0,0.0,0,0,0
2025-07-04T10:56:08.216928,0x1,sw1,0,0,0.0,0,0,0
2025-07-04T10:56:08.216928,0x2,sw2,0,0,0.0,0,0,0
2025-07-04T10:56:09.246094,0x1,sw1,0,0,0.0,0,0,0
2025-07-04T10:56:09.246094,0x2,sw2,0,0,0.0,0,0,0
2025-07-04T10:56:10.268577,0x1,sw1,0,0,0.0,0,0,0
2025-07-04T10:56:10.268577,0x2,sw2,0,0,0.0,0,0,0
2025-07-04T10:56:11.295898,0x1,sw1,0,0,0.0,0,0,0
2025-07-04T10:56:11.295898,0x2,sw2,0,0,0.0,0,0,0
2025-07-04T10:56:12.474381,0x1,sw1,0,0,0.0,0,0,0
2025-07-04T10:56:12.474381,0x2,sw2,0,0,0.0,0,0,0
2025-07-04T10:56:13.547117,0x1,sw1,0,0,0.0,0,0,0
2025-07-04T10:56:13.547117,0x2,sw2,0,0,0.0,0,0,0
2025-07-04T10:56:14.596269,0x1,sw1,0,0,0.0,0,0,0
2025-07-04T10:56:14.596269,0x2,sw2,0,0,0.0,0,0,0
2025-07-04T10:56:15.631370,0x1,sw1,0,0,0.0,0,0,0
2025-07-04T10:56:15.631370,0x2,sw2,0,0,0.0,0,0,0
2025-07-04T10:56:16.660903,0x1,sw1,0,0,0.0,0,0,0
2025-07-04T10:56:16.660903,0x2,sw2,0,0,0.0,0,0,0
2025-07-04T10:56:17.699843,0x1,sw1,0,0,0.0,0,0,0
2025-07-04T10:56:17.699843,0x2,sw2,0,0,0.0,0,0,0
2025-07-04T10:56:18.728796,0x1,sw1,0,0,0.0,0,0,0
2025-07-04T10:56:18.728796,0x2,sw2,0,0,0.0,0,0,0
2025-07-04T10:56:19.756602,0x1,sw1,0,0,0.0,0,0,0
2025-07-04T10:56:19.756602,0x2,sw2,0,0,0.0,0,0,0
2025-07-04T10:56:20.805835,0x1,sw1,0,0,0.0,0,0,0
2025-07-04T10:56:20.805835,0x2,sw2,0,0,0.0,0,0,0
2025-07-04T10:56:21.823455,0x1,sw1,0,0,0.0,0,0,0
2025-07-04T10:56:21.823455,0x2,sw2,0,0,0.0,0,0,0
2025-07-04T10:56:22.861806,0x1,sw1,0,0,0.0,0,0,0
2025-07-04T10:56:22.861806,0x2,sw2,0,0,0.0,0,0,0
2025-07-04T10:56:23.879297,0x1,sw1,0,0,0.0,0,0,0
2025-07-04T10:56:23.879297,0x2,sw2,0,0,0.0,0,0,0
2025-07-04T10:56:24.906344,0x1,sw1,0,0,0.0,0,0,0
2025-07-04T10:56:24.906344,0x2,sw2,0,0,0.0,0,0,0
2025-07-04T10:56:25.917855,0x1,sw1,0,0,0.0,0,0,0
2025-07-04T10:56:25.917855,0x2,sw2,0,0,0.0,0,0,0
2025-07-04T10:56:26.948272,0x1,sw1,0,0,0.0,0,0,0
2025-07-04T10:56:26.948272,0x2,sw2,0,0,0.0,0,0,0
2025-07-04T10:56:27.968573,0x1,sw1,0,0,0.0,0,0,0
2025-07-04T10:56:27.968573,0x2,sw2,0,0,0.0,0,0,0
2025-07-04T10:56:28.988760,0x1,sw1,0,0,0.0,0,0,0
2025-07-04T10:56:28.988760,0x2,sw2,0,0,0.0,0,0,0
2025-07-04T10:56:30.009971,0x1,sw1,0,0,0.0,0,0,0
2025-07-04T10:56:30.009971,0x2,sw2,0,0,0.0,0,0,0
2025-07-04T10:56:31.031347,0x1,sw1,0,0,0.0,0,0,0
2025-07-04T10:56:31.031347,0x2,sw2,0,0,0.0,0,0,0
2025-07-04T10:56:32.064669,0x1,sw1,0,0,0.0,0,0,0
2025-07-04T10:56:32.064669,0x2,sw2,0,0,0.0,0,0,0
2025-07-04T10:56:33.084722,0x1,sw1,0,0,0.0,0,0,0
2025-07-04T10:56:33.084722,0x2,sw2,0,0,0.0,0,0,0
2025-07-04T10:56:34.109539,0x1,sw1,0,0,0.0,0,0,0
2025-07-04T10:56:34.109539,0x2,sw2,0,0,0.0,0,0,0
2025-07-04T10:56:35.132103,0x1,sw1,0,0,0.0,0,0,0
2025-07-04T10:56:35.132103,0x2,sw2,0,0,0.0,0,0,0
2025-07-04T10:56:36.170399,0x1,sw1,0,0,0.0,0,0,0
2025-07-04T10:56:36.170399,0x2,sw2,0,0,0.0,0,0,0
2025-07-04T10:56:37.196720,0x1,sw1,0,0,0.0,0,0,0
2025-07-04T10:56:37.196720,0x2,sw2,0,0,0.0,0,0,0
2025-07-04T10:56:38.213038,0x1,sw1,0,0,0.0,0,0,0
2025-07-04T10:56:38.213038,0x2,sw2,0,0,0.0,0,0,0
2025-07-04T10:56:39.230227,0x1,sw1,0,0,0.0,0,0,0
2025-07-04T10:56:39.230227,0x2,sw2,0,0,0.0,0,0,0
2025-07-04T10:56:40.253977,0x1,sw1,0,0,0.0,0,0,0
2025-07-04T10:56:40.253977,0x2,sw2,0,0,0.0,0,0,0
2025-07-04T10:56:41.279362,0x1,sw1,0,0,0.0,0,0,0
2025-07-04T10:56:41.279362,0x2,sw2,0,0,0.0,0,0,0
2025-07-04T10:56:42.312397,0x1,sw1,0,0,0.0,0,0,0
2025-07-04T10:56:42.312397,0x2,sw2,0,0,0.0,0,0,0
2025-07-04T10:56:43.344375,0x1,sw1,0,0,0.0,0,0,0
2025-07-04T10:56:43.344375,0x2,sw2,0,0,0.0,0,0,0
2025-07-04T10:56:44.355267,0x1,sw1,0,0,0.0,0,0,0
2025-07-04T10:56:44.355267,0x2,sw2,0,0,0.0,0,0,0
2025-07-04T10:56:45.375316,0x1,sw1,0,0,0.0,0,0,0
2025-07-04T10:56:45.375316,0x2,sw2,0,0,0.0,0,0,0
2025-07-04T10:56:46.391853,0x1,sw1,0,0,0.0,0,0,0
2025-07-04T10:56:46.391853,0x2,sw2,0,0,0.0,0,0,0
2025-07-04T10:56:47.427096,0x1,sw1,0,0,0.0,0,0,0
2025-07-04T10:56:47.427096,0x2,sw2,0,0,0.0,0,0,0
2025-07-04T10:56:48.457478,0x1,sw1,0,0,1.0,0,0,0
2025-07-04T10:56:48.457478,0x2,sw2,0,0,0.0,0,0,0
2025-07-04T10:56:49.495115,0x1,sw1,0,0,0.0,0,0,0
2025-07-04T10:56:49.495115,0x2,sw2,0,0,0.0,0,0,0
2025-07-04T10:56:50.520633,0x1,sw1,0,0,0.0,0,0,0
2025-07-04T10:56:50.520633,0x2,sw2,0,0,0.0,0,0,0
2025-07-04T10:56:51.549020,0x1,sw1,0,0,0.0,0,0,0
2025-07-04T10:56:51.549020,0x2,sw2,0,0,0.0,0,0,0
2025-07-04T10:56:52.572546,0x1,sw1,0,0,0.0,0,0,0
2025-07-04T10:56:52.572546,0x2,sw2,0,0,0.0,0,0,0
2025-07-04T10:56:53.601080,0x1,sw1,0,0,0.0,0,0,0
2025-07-04T10:56:53.601080,0x2,sw2,0,0,0.0,0,0,0
2025-07-04T10:56:54.622495,0x1,sw1,0,0,0.0,0,0,0
2025-07-04T10:56:54.622495,0x2,sw2,0,0,0.0,0,0,0
2025-07-04T10:56:55.664463,0x1,sw1,0,0,0.0,0,0,0
2025-07-04T10:56:55.664463,0x2,sw2,0,0,0.0,0,0,0
2025-07-04T10:56:56.688253,0x1,sw1,0,0,0.0,0,0,0
2025-07-04T10:56:56.688253,0x2,sw2,0,0,0.0,0,0,0
2025-07-04T10:56:57.708533,0x1,sw1,0,0,0.0,0,0,0
2025-07-04T10:56:57.708533,0x2,sw2,0,0,0.0,0,0,0
2025-07-04T10:56:58.744616,0x1,sw1,0,0,0.0,0,0,0
2025-07-04T10:56:58.744616,0x2,sw2,0,0,0.0,0,0,0
2025-07-04T10:56:59.767821,0x1,sw1,0,0,0.0,0,0,0
2025-07-04T10:56:59.767821,0x2,sw2,0,0,0.0,0,0,0
2025-07-04T10:57:00.796565,0x1,sw1,0,0,0.0,0,0,0
2025-07-04T10:57:00.796565,0x2,sw2,0,0,0.0,0,0,0
2025-07-04T10:57:01.824427,0x1,sw1,0,0,0.0,0,0,0
2025-07-04T10:57:01.824427,0x2,sw2,0,0,0.0,0,0,0
2025-07-04T10:57:02.848261,0x1,sw1,0,0,0.0,0,0,0
2025-07-04T10:57:02.848261,0x2,sw2,0,0,0.0,0,0,0
2025-07-04T10:57:03.882189,0x1,sw1,0,0,0.0,0,0,0
2025-07-04T10:57:03.882189,0x2,sw2,0,0,0.0,0,0,0
2025-07-04T10:57:04.893435,0x1,sw1,0,0,0.0,0,0,0
2025-07-04T10:57:04.893435,0x2,sw2,0,0,0.0,0,0,0
2025-07-04T10:57:05.924460,0x1,sw1,0,0,0.0,0,0,0
2025-07-04T10:57:05.924460,0x2,sw2,0,0,0.0,0,0,0
2025-07-04T10:57:06.949575,0x1,sw1,0,0,0.0,0,0,0
2025-07-04T10:57:06.949575,0x2,sw2,0,0,0.0,0,0,0
2025-07-04T10:57:07.973483,0x1,sw1,0,0,0.0,0,0,0
2025-07-04T10:57:07.973483,0x2,sw2,0,0,0.0,0,0,0
2025-07-04T10:57:08.996327,0x1,sw1,0,0,0.0,0,0,0
2025-07-04T10:57:08.996327,0x2,sw2,0,0,0.0,0,0,0
2025-07-04T10:57:10.021234,0x1,sw1,0,0,0.0,0,0,0
2025-07-04T10:57:10.021234,0x2,sw2,0,0,0.0,0,0,0
2025-07-04T10:57:11.048475,0x1,sw1,0,0,0.0,0,0,0
2025-07-04T10:57:11.048475,0x2,sw2,0,0,0.0,0,0,0
2025-07-04T10:57:12.066203,0x1,sw1,0,0,0.0,0,0,0
2025-07-04T10:57:12.066203,0x2,sw2,0,0,0.0,0,0,0
2025-07-04T10:57:13.088146,0x1,sw1,0,0,0.0,0,0,0
2025-07-04T10:57:13.088146,0x2,sw2,0,0,0.0,0,0,0
2025-07-04T10:57:14.124318,0x1,sw1,0,0,0.0,0,0,0
2025-07-04T10:57:14.124318,0x2,sw2,0,0,0.0,0,0,0
2025-07-04T10:57:15.148995,0x1,sw1,0,0,0.0,0,0,0
2025-07-04T10:57:15.148995,0x2,sw2,0,0,0.0,0,0,0
2025-07-04T10:57:16.169029,0x1,sw1,0,0,0.0,0,0,0
2025-07-04T10:57:16.169029,0x2,sw2,0,0,0.0,0,0,0
2025-07-04T10:57:17.209363,0x1,sw1,0,0,0.0,0,0,0
2025-07-04T10:57:17.209363,0x2,sw2,0,0,0.0,0,0,0
2025-07-04T10:57:18.252633,0x1,sw1,0,0,0.0,0,0,0
2025-07-04T10:57:18.252633,0x2,sw2,0,0,0.0,0,0,0
2025-07-04T10:57:19.310863,0x1,sw1,0,0,0.0,0,0,0
2025-07-04T10:57:19.310863,0x2,sw2,0,0,0.0,0,0,0
2025-07-04T10:57:20.336379,0x1,sw1,0,0,0.0,0,0,0
2025-07-04T10:57:20.336379,0x2,sw2,0,0,0.0,0,0,0
2025-07-04T10:57:21.352655,0x1,sw1,0,0,0.0,0,0,0
2025-07-04T10:57:21.352655,0x2,sw2,0,0,0.0,0,0,0
2025-07-04T10:57:22.388959,0x1,sw1,0,0,0.0,0,0,0
2025-07-04T10:57:22.388959,0x2,sw2,0,0,0.0,0,0,0
2025-07-04T10:57:23.415683,0x1,sw1,0,0,0.0,0,0,0
2025-07-04T10:57:23.415683,0x2,sw2,0,0,0.0,0,0,0
2025-07-04T10:57:24.473029,0x1,sw1,0,0,0.0,0,0,0
2025-07-04T10:57:24.473029,0x2,sw2,0,0,0.0,0,0,0
2025-07-04T10:57:25.505787,0x1,sw1,0,0,0.0,0,0,0
2025-07-04T10:57:25.505787,0x2,sw2,0,0,0.0,0,0,0
2025-07-04T10:57:26.525095,0x1,sw1,0,0,0.0,0,0,0
2025-07-04T10:57:26.525095,0x2,sw2,0,0,0.0,0,0,0
2025-07-04T10:57:27.550875,0x1,sw1,0,0,0.0,0,0,0
2025-07-04T10:57:27.550875,0x2,sw2,0,0,0.0,0,0,0
2025-07-04T10:57:28.567041,0x1,sw1,0,0,0.0,0,0,0
2025-07-04T10:57:28.567041,0x2,sw2,0,0,0.0,0,0,0
2025-07-04T10:57:29.588853,0x1,sw1,0,0,0.0,0,0,0
2025-07-04T10:57:29.588853,0x2,sw2,0,0,0.0,0,0,0
2025-07-04T10:57:30.607137,0x1,sw1,0,0,0.0,0,0,0
2025-07-04T10:57:30.607137,0x2,sw2,0,0,0.0,0,0,0
2025-07-04T10:57:31.624166,0x1,sw1,0,0,0.0,0,0,0
2025-07-04T10:57:31.624166,0x2,sw2,0,0,0.0,0,0,0
2025-07-04T11:29:03.321121,0x1,sw1,0,0,2.0,0,0,0
2025-07-04T11:29:03.321121,0x2,sw2,0,0,0.0,0,0,0
2025-07-04T11:29:13.367494,0x1,sw1,0,0,0.0,0,0,0
2025-07-04T11:29:13.367494,0x2,sw2,0,0,0.0,0,0,0
2025-07-04T11:29:23.388638,0x1,sw1,0,0,0.0,0,0,0
2025-07-04T11:29:23.388638,0x2,sw2,0,0,0.0,0,0,0
2025-07-04T11:29:33.406638,0x1,sw1,0,0,0.0,0,0,0
2025-07-04T11:29:33.406638,0x2,sw2,0,0,0.0,0,0,0
2025-07-04T11:29:43.427388,0x1,sw1,0,0,0.0,0,0,0
2025-07-04T11:29:43.427388,0x2,sw2,0,0,0.0,0,0,0
2025-07-04T11:29:53.449045,0x1,sw1,0,0,0.0,0,0,0
2025-07-04T11:29:53.449045,0x2,sw2,0,0,0.0,0,0,0
2025-07-04T11:30:03.475688,0x1,sw1,0,0,0.0,0,0,0
2025-07-04T11:30:03.475688,0x2,sw2,0,0,0.0,0,0,0
2025-07-04T11:30:13.510757,0x1,sw1,0,0,0.0,0,0,0
2025-07-04T11:30:13.510757,0x2,sw2,0,0,0.0,0,0,0
2025-07-04T11:30:23.530666,0x1,sw1,0,0,0.0,0,0,0
2025-07-04T11:30:23.530666,0x2,sw2,0,0,0.0,0,0,0
2025-07-04T11:30:33.556120,0x1,sw1,0,0,0.0,0,0,0
2025-07-04T11:30:33.556120,0x2,sw2,0,0,0.0,0,0,0
2025-07-04T11:30:43.589374,0x1,sw1,0,0,0.0,0,0,0
2025-07-04T11:30:43.589374,0x2,sw2,0,0,0.0,0,0,0
2025-07-04T11:30:53.616339,0x1,sw1,0,0,0.0,0,0,0
2025-07-04T11:30:53.616339,0x2,sw2,0,0,0.0,0,0,0
2025-07-04T11:31:03.633692,0x1,sw1,0,0,0.0,0,0,0
2025-07-04T11:31:03.633692,0x2,sw2,0,0,0.0,0,0,0
2025-07-04T11:31:13.657379,0x1,sw1,0,0,0.0,0,0,0
2025-07-04T11:31:13.657379,0x2,sw2,0,0,0.0,0,0,0
2025-07-04T11:31:23.694778,0x1,sw1,0,0,0.0,0,0,0
2025-07-04T11:31:23.694778,0x2,sw2,0,0,0.0,0,0,0
2025-07-04T11:31:33.718839,0x1,sw1,0,0,0.0,0,0,0
2025-07-04T11:31:33.718839,0x2,sw2,0,0,0.0,0,0,0
2025-07-04T11:31:43.742944,0x1,sw1,0,0,0.0,0,0,0
2025-07-04T11:31:43.742944,0x2,sw2,0,0,0.0,0,0,0
2025-07-04T11:31:53.777128,0x1,sw1,0,0,0.0,0,0,0
2025-07-04T11:31:53.777128,0x2,sw2,0,0,0.0,0,0,0
2025-07-04T11:32:03.798727,0x1,sw1,0,0,0.0,0,0,0
2025-07-04T11:32:03.798727,0x2,sw2,0,0,0.0,0,0,0
2025-07-04T11:32:13.827431,0x1,sw1,0,0,0.0,0,0,0
2025-07-04T11:32:13.827431,0x2,sw2,0,0,0.0,0,0,0
2025-07-04T11:32:23.848809,0x1,sw1,0,0,0.0,0,0,0
2025-07-04T11:32:23.848809,0x2,sw2,0,0,0.0,0,0,0
2025-07-04T11:32:33.867341,0x1,sw1,0,0,0.0,0,0,0
2025-07-04T11:32:33.867341,0x2,sw2,0,0,0.0,0,0,0
2025-07-04T11:32:43.882885,0x1,sw1,0,0,0.0,0,0,0
2025-07-04T11:32:43.882885,0x2,sw2,0,0,0.0,0,0,0
2025-07-04T11:32:53.903577,0x1,sw1,0,0,0.0,0,0,0
2025-07-04T11:32:53.903577,0x2,sw2,0,0,0.0,0,0,0
2025-07-04T11:33:03.924736,0x1,sw1,0,0,0.0,0,0,0
2025-07-04T11:33:03.924736,0x2,sw2,0,0,0.0,0,0,0
2025-07-04T11:33:13.945702,0x1,sw1,0,0,0.0,0,0,0
2025-07-04T11:33:13.945702,0x2,sw2,0,0,0.0,0,0,0
2025-07-04T11:33:23.966242,0x1,sw1,0,0,0.0,0,0,0
2025-07-04T11:33:23.966242,0x2,sw2,0,0,0.0,0,0,0
2025-07-04T11:33:33.998533,0x1,sw1,0,0,0.0,0,0,0
2025-07-04T11:33:33.998533,0x2,sw2,0,0,0.0,0,0,0
2025-07-04T11:35:49.684731,0x1,sw1,0,0,1.0,0,0,0
2025-07-04T11:35:49.684731,0x2,sw2,0,0,0.0,0,0,0
2025-07-04T11:35:59.704496,0x1,sw1,0,0,0.0,0,0,0
2025-07-04T11:35:59.704496,0x2,sw2,0,0,0.0,0,0,0
2025-07-04T11:36:09.718990,0x1,sw1,0,0,0.0,0,0,0
2025-07-04T11:36:09.718990,0x2,sw2,0,0,0.0,0,0,0
2025-07-04T11:36:19.740526,0x1,sw1,0,0,0.0,0,0,0
2025-07-04T11:36:19.740526,0x2,sw2,0,0,0.0,0,0,0
2025-07-04T11:36:29.767729,0x1,sw1,0,0,0.0,0,0,0
2025-07-04T11:36:29.767729,0x2,sw2,0,0,0.0,0,0,0
2025-07-04T11:36:39.784997,0x1,sw1,0,0,0.0,0,0,0
2025-07-04T11:36:39.784997,0x2,sw2,0,0,0.0,0,0,0
2025-07-04T11:36:49.802526,0x1,sw1,0,0,0.0,0,0,0
2025-07-04T11:36:49.802526,0x2,sw2,0,0,0.0,0,0,0
2025-07-04T11:36:59.827433,0x1,sw1,0,0,0.0,0,0,0
2025-07-04T11:36:59.827433,0x2,sw2,0,0,0.0,0,0,0
2025-07-04T11:37:09.847989,0x1,sw1,0,0,0.0,0,0,0
2025-07-04T11:37:09.847989,0x2,sw2,0,0,0.0,0,0,0
2025-07-04T11:37:19.865445,0x1,sw1,0,0,0.0,0,0,0
2025-07-04T11:37:19.865445,0x2,sw2,0,0,0.0,0,0,0
2025-07-04T11:37:29.883675,0x1,sw1,0,0,0.0,0,0,0
2025-07-04T11:37:29.883675,0x2,sw2,0,0,0.0,0,0,0
2025-07-04T11:37:39.905009,0x1,sw1,0,0,0.0,0,0,0
2025-07-04T11:37:39.905009,0x2,sw2,0,0,0.0,0,0,0
2025-07-04T11:37:48.064919,0x1,sw1,0,0,1.0,0,0,0
2025-07-04T11:37:48.064919,0x2,sw2,0,0,0.0,0,0,0
2025-07-04T11:37:49.081500,0x1,sw1,0,0,0.0,0,0,0
2025-07-04T11:37:49.081500,0x2,sw2,0,0,0.0,0,0,0
2025-07-04T11:37:50.092992,0x1,sw1,0,0,0.0,0,0,0
2025-07-04T11:37:50.092992,0x2,sw2,0,0,0.0,0,0,0
2025-07-04T11:37:51.106599,0x1,sw1,0,0,0.0,0,0,0
2025-07-04T11:37:51.106599,0x2,sw2,0,0,0.0,0,0,0
2025-07-04T11:37:52.133460,0x1,sw1,0,0,0.0,0,0,0
2025-07-04T11:37:52.133460,0x2,sw2,0,0,0.0,0,0,0
2025-07-04T11:37:53.146787,0x1,sw1,0,0,0.0,0,0,0
2025-07-04T11:37:53.146787,0x2,sw2,0,0,0.0,0,0,0
2025-07-04T11:37:54.157646,0x1,sw1,0,0,0.0,0,0,0
2025-07-04T11:37:54.157646,0x2,sw2,0,0,0.0,0,0,0
2025-07-04T11:37:55.169253,0x1,sw1,0,0,0.0,0,0,0
2025-07-04T11:37:55.169253,0x2,sw2,0,0,0.0,0,0,0
2025-07-04T11:37:56.183591,0x1,sw1,0,0,0.0,0,0,0
2025-07-04T11:37:56.183591,0x2,sw2,0,0,0.0,0,0,0
2025-07-04T11:37:57.196138,0x1,sw1,0,0,0.0,0,0,0
2025-07-04T11:37:57.196138,0x2,sw2,0,0,0.0,0,0,0
2025-07-04T11:37:58.212251,0x1,sw1,0,0,0.0,0,0,0
2025-07-04T11:37:58.212251,0x2,sw2,0,0,0.0,0,0,0
2025-07-04T11:37:59.229843,0x1,sw1,0,0,0.0,0,0,0
2025-07-04T11:37:59.229843,0x2,sw2,0,0,0.0,0,0,0
2025-07-04T11:38:00.245752,0x1,sw1,0,0,0.0,0,0,0
2025-07-04T11:38:00.245752,0x2,sw2,0,0,0.0,0,0,0
2025-07-04T11:38:01.266634,0x1,sw1,0,0,0.0,0,0,0
2025-07-04T11:38:01.266634,0x2,sw2,0,0,0.0,0,0,0
2025-07-04T11:38:02.279943,0x1,sw1,0,0,0.0,0,0,0
2025-07-04T11:38:02.279943,0x2,sw2,0,0,0.0,0,0,0
2025-07-04T11:38:03.295243,0x1,sw1,0,0,0.0,0,0,0
2025-07-04T11:38:03.295243,0x2,sw2,0,0,0.0,0,0,0
2025-07-04T11:38:04.311767,0x1,sw1,0,0,0.0,0,0,0
2025-07-04T11:38:04.311767,0x2,sw2,0,0,0.0,0,0,0
2025-07-04T11:38:05.329264,0x1,sw1,0,0,0.0,0,0,0
2025-07-04T11:38:05.329264,0x2,sw2,0,0,0.0,0,0,0
2025-07-04T11:38:06.343368,0x1,sw1,0,0,0.0,0,0,0
2025-07-04T11:38:06.343368,0x2,sw2,0,0,0.0,0,0,0
2025-07-04T11:38:07.362730,0x1,sw1,0,0,0.0,0,0,0
2025-07-04T11:38:07.362730,0x2,sw2,0,0,0.0,0,0,0
2025-07-04T11:38:08.382476,0x1,sw1,0,0,0.0,0,0,0
2025-07-04T11:38:08.382476,0x2,sw2,0,0,0.0,0,0,0
2025-07-04T11:38:09.395628,0x1,sw1,0,0,0.0,0,0,0
2025-07-04T11:38:09.395628,0x2,sw2,0,0,0.0,0,0,0
2025-07-04T11:38:10.407823,0x1,sw1,0,0,0.0,0,0,0
2025-07-04T11:38:10.407823,0x2,sw2,0,0,0.0,0,0,0
2025-07-04T11:38:11.421987,0x1,sw1,0,0,0.0,0,0,0
2025-07-04T11:38:11.421987,0x2,sw2,0,0,0.0,0,0,0
2025-07-04T11:38:12.435081,0x1,sw1,0,0,0.0,0,0,0
2025-07-04T11:38:12.435081,0x2,sw2,0,0,0.0,0,0,0
2025-07-04T11:38:13.454586,0x1,sw1,0,0,0.0,0,0,0
2025-07-04T11:38:13.454586,0x2,sw2,0,0,0.0,0,0,0
2025-07-04T11:38:14.468283,0x1,sw1,0,0,0.0,0,0,0
2025-07-04T11:38:14.468283,0x2,sw2,0,0,0.0,0,0,0
2025-07-04T11:38:15.479973,0x1,sw1,0,0,0.0,0,0,0
2025-07-04T11:38:15.479973,0x2,sw2,0,0,0.0,0,0,0
2025-07-04T11:38:16.492667,0x1,sw1,0,0,0.0,0,0,0
2025-07-04T11:38:16.492667,0x2,sw2,0,0,0.0,0,0,0
2025-07-04T11:38:17.508457,0x1,sw1,0,0,0.0,0,0,0
2025-07-04T11:38:17.508457,0x2,sw2,0,0,0.0,0,0,0
2025-07-04T11:38:18.520794,0x1,sw1,0,0,0.0,0,0,0
2025-07-04T11:38:18.520794,0x2,sw2,0,0,0.0,0,0,0
2025-07-04T11:38:19.532937,0x1,sw1,0,0,0.0,0,0,0
2025-07-04T11:38:19.532937,0x2,sw2,0,0,0.0,0,0,0
2025-07-04T11:38:20.550156,0x1,sw1,0,0,0.0,0,0,0
2025-07-04T11:38:20.550156,0x2,sw2,0,0,0.0,0,0,0
2025-07-04T11:38:21.562455,0x1,sw1,0,0,0.0,0,0,0
2025-07-04T11:38:21.562455,0x2,sw2,0,0,0.0,0,0,0
2025-07-04T11:38:22.579628,0x1,sw1,0,0,0.0,0,0,0
2025-07-04T11:38:22.579628,0x2,sw2,0,0,0.0,0,0,0
2025-07-04T11:38:23.607528,0x1,sw1,0,0,0.0,0,0,0
2025-07-04T11:38:23.607528,0x2,sw2,0,0,0.0,0,0,0
2025-07-04T11:38:24.621238,0x1,sw1,0,0,0.0,0,0,0
2025-07-04T11:38:24.621238,0x2,sw2,0,0,0.0,0,0,0
2025-07-04T11:38:25.634085,0x1,sw1,0,0,0.0,0,0,0
2025-07-04T11:38:25.634085,0x2,sw2,0,0,0.0,0,0,0
2025-07-04T11:38:26.646180,0x1,sw1,0,0,0.0,0,0,0
2025-07-04T11:38:26.646180,0x2,sw2,0,0,0.0,0,0,0
2025-07-04T11:38:27.659635,0x1,sw1,0,0,0.0,0,0,0
2025-07-04T11:38:27.659635,0x2,sw2,0,0,0.0,0,0,0
2025-07-04T11:38:28.675320,0x1,sw1,0,0,0.0,0,0,0
2025-07-04T11:38:28.675320,0x2,sw2,0,0,0.0,0,0,0
2025-07-04T11:38:29.690836,0x1,sw1,0,0,0.0,0,0,0
2025-07-04T11:38:29.690836,0x2,sw2,0,0,0.0,0,0,0
2025-07-04T11:38:30.707667,0x1,sw1,0,0,0.0,0,0,0
2025-07-04T11:38:30.707667,0x2,sw2,0,0,0.0,0,0,0
2025-07-04T11:38:31.724051,0x1,sw1,0,0,0.0,0,0,0
2025-07-04T11:38:31.724051,0x2,sw2,0,0,0.0,0,0,0
2025-07-04T11:38:32.735993,0x1,sw1,0,0,0.0,0,0,0
2025-07-04T11:38:32.735993,0x2,sw2,0,0,0.0,0,0,0
2025-07-04T11:38:33.750483,0x1,sw1,0,0,0.0,0,0,0
2025-07-04T11:38:33.750483,0x2,sw2,0,0,0.0,0,0,0
2025-07-04T11:38:34.765089,0x1,sw1,0,0,0.0,0,0,0
2025-07-04T11:38:34.765089,0x2,sw2,0,0,0.0,0,0,0
2025-07-04T11:38:35.778808,0x1,sw1,0,0,0.0,0,0,0
2025-07-04T11:38:35.778808,0x2,sw2,0,0,0.0,0,0,0
2025-07-04T11:38:36.793820,0x1,sw1,0,0,0.0,0,0,0
2025-07-04T11:38:36.793820,0x2,sw2,0,0,0.0,0,0,0
2025-07-04T11:38:37.805522,0x1,sw1,0,0,0.0,0,0,0
2025-07-04T11:38:37.805522,0x2,sw2,0,0,0.0,0,0,0
2025-07-04T11:38:38.820811,0x1,sw1,0,0,0.0,0,0,0
2025-07-04T11:38:38.820811,0x2,sw2,0,0,0.0,0,0,0
2025-07-04T11:38:39.832963,0x1,sw1,0,0,0.0,0,0,0
2025-07-04T11:38:39.832963,0x2,sw2,0,0,0.0,0,0,0
2025-07-04T11:38:40.856538,0x1,sw1,0,0,0.0,0,0,0
2025-07-04T11:38:40.856538,0x2,sw2,0,0,0.0,0,0,0
2025-07-04T11:38:41.874457,0x1,sw1,0,0,0.0,0,0,0
2025-07-04T11:38:41.874457,0x2,sw2,0,0,0.0,0,0,0
2025-07-04T11:38:42.887822,0x1,sw1,0,0,0.0,0,0,0
2025-07-04T11:38:42.887822,0x2,sw2,0,0,0.0,0,0,0
2025-07-04T11:38:43.899346,0x1,sw1,0,0,0.0,0,0,0
2025-07-04T11:38:43.899346,0x2,sw2,0,0,0.0,0,0,0
2025-07-04T11:38:44.913669,0x1,sw1,0,0,0.0,0,0,0
2025-07-04T11:38:44.913669,0x2,sw2,0,0,0.0,0,0,0
2025-07-04T11:38:45.928423,0x1,sw1,0,0,0.0,0,0,0
2025-07-04T11:38:45.928423,0x2,sw2,0,0,0.0,0,0,0
2025-07-04T11:38:46.946663,0x1,sw1,0,0,0.0,0,0,0
2025-07-04T11:38:46.946663,0x2,sw2,0,0,0.0,0,0,0
2025-07-04T11:38:47.968368,0x1,sw1,0,0,0.0,0,0,0
2025-07-04T11:38:47.968368,0x2,sw2,0,0,0.0,0,0,0
2025-07-04T11:38:48.984129,0x1,sw1,0,0,0.0,0,0,0
2025-07-04T11:38:48.984129,0x2,sw2,0,0,0.0,0,0,0
2025-07-04T11:38:49.994991,0x1,sw1,0,0,0.0,0,0,0
2025-07-04T11:38:49.994991,0x2,sw2,0,0,0.0,0,0,0
2025-07-04T11:38:51.008845,0x1,sw1,0,0,0.0,0,0,0
2025-07-04T11:38:51.008845,0x2,sw2,0,0,0.0,0,0,0
2025-07-04T11:38:52.022564,0x1,sw1,0,0,0.0,0,0,0
2025-07-04T11:38:52.022564,0x2,sw2,0,0,0.0,0,0,0
2025-07-04T11:38:53.035122,0x1,sw1,0,0,0.0,0,0,0
2025-07-04T11:38:53.035122,0x2,sw2,0,0,0.0,0,0,0
2025-07-04T11:38:54.050601,0x1,sw1,0,0,0.0,0,0,0
2025-07-04T11:38:54.050601,0x2,sw2,0,0,0.0,0,0,0
2025-07-04T11:38:55.067753,0x1,sw1,0,0,0.0,0,0,0
2025-07-04T11:38:55.067753,0x2,sw2,0,0,0.0,0,0,0
2025-07-04T11:38:56.084171,0x1,sw1,0,0,0.0,0,0,0
2025-07-04T11:38:56.084171,0x2,sw2,0,0,0.0,0,0,0
2025-07-04T11:38:57.097714,0x1,sw1,0,0,0.0,0,0,0
2025-07-04T11:38:57.097714,0x2,sw2,0,0,0.0,0,0,0
2025-07-04T11:38:58.116325,0x1,sw1,0,0,0.0,0,0,0
2025-07-04T11:38:58.116325,0x2,sw2,0,0,0.0,0,0,0
2025-07-04T11:38:59.131723,0x1,sw1,0,0,0.0,0,0,0
2025-07-04T11:38:59.131723,0x2,sw2,0,0,0.0,0,0,0
2025-07-04T11:39:00.146368,0x1,sw1,0,0,0.0,0,0,0
2025-07-04T11:39:00.146368,0x2,sw2,0,0,0.0,0,0,0
2025-07-04T11:39:01.162082,0x1,sw1,0,0,0.0,0,0,0
2025-07-04T11:39:01.162082,0x2,sw2,0,0,0.0,0,0,0
2025-07-04T11:39:02.174806,0x1,sw1,0,0,0.0,0,0,0
2025-07-04T11:39:02.174806,0x2,sw2,0,0,0.0,0,0,0
2025-07-04T11:39:03.196232,0x1,sw1,0,0,0.0,0,0,0
2025-07-04T11:39:03.196232,0x2,sw2,0,0,0.0,0,0,0
2025-07-04T11:39:04.211941,0x1,sw1,0,0,0.0,0,0,0
2025-07-04T11:39:04.211941,0x2,sw2,0,0,0.0,0,0,0
2025-07-04T11:39:05.228792,0x1,sw1,0,0,0.0,0,0,0
2025-07-04T11:39:05.228792,0x2,sw2,0,0,0.0,0,0,0
2025-07-04T11:39:06.246706,0x1,sw1,0,0,0.0,0,0,0
2025-07-04T11:39:06.246706,0x2,sw2,0,0,0.0,0,0,0
2025-07-04T11:44:51.117070,0x1,sw1,0,0,1.0,0,0,0
2025-07-04T11:44:51.117070,0x2,sw2,0,0,0.0,0,0,0
2025-07-04T11:45:01.132928,0x1,sw1,0,0,0.0,0,0,0
2025-07-04T11:45:01.132928,0x2,sw2,0,0,0.0,0,0,0
2025-07-04T11:45:11.149415,0x1,sw1,0,0,0.0,0,0,0
2025-07-04T11:45:11.149415,0x2,sw2,0,0,0.0,0,0,0
2025-07-04T11:45:21.168434,0x1,sw1,0,0,0.0,0,0,0
2025-07-04T11:45:21.168434,0x2,sw2,0,0,0.0,0,0,0
2025-07-04T11:45:31.203976,0x1,sw1,0,0,0.0,0,0,0
2025-07-04T11:45:31.203976,0x2,sw2,0,0,0.0,0,0,0
2025-07-04T11:45:41.228309,0x1,sw1,0,0,0.0,0,0,0
2025-07-04T11:45:41.228309,0x2,sw2,0,0,0.0,0,0,0
2025-07-04T11:45:51.246207,0x1,sw1,0,0,0.0,0,0,0
2025-07-04T11:45:51.246207,0x2,sw2,0,0,0.0,0,0,0
2025-07-04T11:46:01.270652,0x1,sw1,0,0,0.0,0,0,0
2025-07-04T11:46:01.270652,0x2,sw2,0,0,0.0,0,0,0
2025-07-04T11:46:11.291026,0x1,sw1,0,0,0.0,0,0,0
2025-07-04T11:46:11.291026,0x2,sw2,0,0,0.0,0,0,0
2025-07-04T11:46:21.309377,0x1,sw1,0,0,0.0,0,0,0
2025-07-04T11:46:21.309377,0x2,sw2,0,0,0.0,0,0,0
2025-07-04T11:46:31.329114,0x1,sw1,0,0,0.0,0,0,0
2025-07-04T11:46:31.329114,0x2,sw2,0,0,0.0,0,0,0
2025-07-04T11:46:41.350900,0x1,sw1,0,0,0.0,0,0,0
2025-07-04T11:46:41.350900,0x2,sw2,0,0,0.0,0,0,0
2025-07-04T11:46:51.385409,0x1,sw1,0,0,0.0,0,0,0
2025-07-04T11:46:51.385409,0x2,sw2,0,0,0.0,0,0,0
2025-07-04T11:47:01.409506,0x1,sw1,0,0,0.0,0,0,0
2025-07-04T11:47:01.409506,0x2,sw2,0,0,0.0,0,0,0
2025-07-04T11:47:11.431633,0x1,sw1,0,0,0.0,0,0,0
2025-07-04T11:47:11.431633,0x2,sw2,0,0,0.0,0,0,0
2025-07-04T11:47:21.452200,0x1,sw1,0,0,0.0,0,0,0
2025-07-04T11:47:21.452200,0x2,sw2,0,0,0.0,0,0,0
2025-07-04T11:47:31.479167,0x1,sw1,0,0,0.0,0,0,0
2025-07-04T11:47:31.479167,0x2,sw2,0,0,0.0,0,0,0
2025-07-04T11:47:41.502121,0x1,sw1,0,0,0.0,0,0,0
2025-07-04T11:47:41.502121,0x2,sw2,0,0,0.0,0,0,0
2025-07-04T11:47:51.521556,0x1,sw1,0,0,0.0,0,0,0
2025-07-04T11:47:51.521556,0x2,sw2,0,0,0.0,0,0,0
2025-07-04T11:48:01.541225,0x1,sw1,0,0,0.0,0,0,0
2025-07-04T11:48:01.541225,0x2,sw2,0,0,0.0,0,0,0
2025-07-04T11:48:11.557179,0x1,sw1,0,0,0.0,0,0,0
2025-07-04T11:48:11.557179,0x2,sw2,0,0,0.0,0,0,0
2025-07-04T11:48:21.576758,0x1,sw1,0,0,0.0,0,0,0
2025-07-04T11:48:21.576758,0x2,sw2,0,0,0.0,0,0,0
2025-07-04T11:48:31.595606,0x1,sw1,0,0,0.0,0,0,0
2025-07-04T11:48:31.595606,0x2,sw2,0,0,0.0,0,0,0
2025-07-04T11:48:41.611387,0x1,sw1,0,0,0.0,0,0,0
2025-07-04T11:48:41.611387,0x2,sw2,0,0,0.0,0,0,0
2025-07-04T11:48:51.629441,0x1,sw1,0,0,0.0,0,0,0
2025-07-04T11:48:51.629441,0x2,sw2,0,0,0.0,0,0,0
2025-07-06T13:26:16.878870,0x1,sw1,0,0,0.0,0,0,0
2025-07-06T13:26:16.878870,0x2,sw2,0,0,0.0,0,0,0
2025-07-06T13:26:26.939668,0x1,sw1,0,0,0.0,0,0,0
2025-07-06T13:26:26.939668,0x2,sw2,0,0,0.0,0,0,0
2025-07-06T13:26:36.999975,0x1,sw1,0,0,0.0,0,0,0
2025-07-06T13:26:36.999975,0x2,sw2,0,0,0.0,0,0,0
2025-07-06T13:26:47.060966,0x1,sw1,0,0,0.0,0,0,0
2025-07-06T13:26:47.060966,0x2,sw2,0,0,0.0,0,0,0
2025-07-06T13:26:57.134650,0x1,sw1,0,0,0.0,0,0,0
2025-07-06T13:26:57.134650,0x2,sw2,0,0,0.0,0,0,0
2025-07-06T13:27:07.203147,0x1,sw1,0,0,0.0,0,0,0
2025-07-06T13:27:07.203147,0x2,sw2,0,0,0.0,0,0,0
2025-07-06T13:27:17.275676,0x1,sw1,0,0,0.0,0,0,0
2025-07-06T13:27:17.275676,0x2,sw2,0,0,0.0,0,0,0
2025-07-06T13:27:27.381326,0x1,sw1,0,0,0.0,0,0,0
2025-07-06T13:27:27.381326,0x2,sw2,0,0,0.0,0,0,0
2025-07-06T13:27:37.470173,0x1,sw1,0,0,0.0,0,0,0
2025-07-06T13:27:37.470173,0x2,sw2,0,0,0.0,0,0,0
2025-07-06T13:27:47.616049,0x1,sw1,0,0,0.0,0,0,0
2025-07-06T13:27:47.616049,0x2,sw2,0,0,0.0,0,0,0
2025-07-06T13:27:57.735356,0x1,sw1,0,0,0.0,0,0,0
2025-07-06T13:27:57.735356,0x2,sw2,0,0,0.0,0,0,0
2025-07-06T13:28:07.794591,0x1,sw1,0,0,0.0,0,0,0
2025-07-06T13:28:07.794591,0x2,sw2,0,0,0.0,0,0,0
2025-07-06T13:28:18.013297,0x1,sw1,0,0,0.0,0,0,0
2025-07-06T13:28:18.013297,0x2,sw2,0,0,0.0,0,0,0
2025-07-06T13:28:28.112439,0x1,sw1,0,0,0.0,0,0,0
2025-07-06T13:28:28.112439,0x2,sw2,0,0,0.0,0,0,0
2025-07-06T13:28:38.217071,0x1,sw1,0,0,0.0,0,0,0
2025-07-06T13:28:38.217071,0x2,sw2,0,0,0.0,0,0,0
2025-07-06T13:28:48.313068,0x1,sw1,0,0,0.0,0,0,0
2025-07-06T13:28:48.313068,0x2,sw2,0,0,0.0,0,0,0
2025-07-06T13:28:58.362209,0x1,sw1,0,0,0.0,0,0,0
2025-07-06T13:28:58.362209,0x2,sw2,0,0,0.0,0,0,0
2025-07-06T13:29:08.426949,0x1,sw1,0,0,0.0,0,0,0
2025-07-06T13:29:08.426949,0x2,sw2,0,0,0.0,0,0,0
2025-07-06T13:29:18.533673,0x1,sw1,0,0,0.0,0,0,0
2025-07-06T13:29:18.533673,0x2,sw2,0,0,0.0,0,0,0
2025-07-06T21:35:42.787490,0x1,sw1,0,0,0.0,0,0,0
2025-07-06T21:35:42.787490,0x2,sw2,0,0,0.0,0,0,0
2025-07-06T21:35:43.936436,0x1,sw1,0,0,0.0,0,0,0
2025-07-06T21:35:43.936436,0x2,sw2,0,0,0.0,0,0,0
2025-07-06T21:35:45.045913,0x1,sw1,0,0,0.0,0,0,0
2025-07-06T21:35:45.045913,0x2,sw2,0,0,0.0,0,0,0
2025-07-06T21:35:46.135388,0x1,sw1,0,0,0.0,0,0,0
2025-07-06T21:35:46.135388,0x2,sw2,0,0,0.0,0,0,0
2025-07-06T21:35:47.225942,0x1,sw1,0,0,0.0,0,0,0
2025-07-06T21:35:47.225942,0x2,sw2,0,0,0.0,0,0,0
2025-07-06T21:35:48.308872,0x1,sw1,0,0,0.0,0,0,0
2025-07-06T21:35:48.308872,0x2,sw2,0,0,0.0,0,0,0
2025-07-06T21:35:49.379588,0x1,sw1,0,0,0.0,0,0,0
2025-07-06T21:35:49.379588,0x2,sw2,0,0,0.0,0,0,0
2025-07-06T21:35:50.488197,0x1,sw1,0,0,0.0,0,0,0
2025-07-06T21:35:50.488197,0x2,sw2,0,0,0.0,0,0,0
2025-07-06T21:35:51.582769,0x1,sw1,0,0,0.0,0,0,0
2025-07-06T21:35:51.582769,0x2,sw2,0,0,0.0,0,0,0
2025-07-06T21:35:52.694872,0x1,sw1,0,0,0.0,0,0,0
2025-07-06T21:35:52.694872,0x2,sw2,0,0,0.0,0,0,0
2025-07-06T21:35:53.805844,0x1,sw1,0,0,0.0,0,0,0
2025-07-06T21:35:53.805844,0x2,sw2,0,0,0.0,0,0,0
2025-07-06T21:35:54.875374,0x1,sw1,0,0,0.0,0,0,0
2025-07-06T21:35:54.875374,0x2,sw2,0,0,0.0,0,0,0
2025-07-06T21:35:55.942615,0x1,sw1,0,0,0.0,0,0,0
2025-07-06T21:35:55.942615,0x2,sw2,0,0,0.0,0,0,0
2025-07-06T21:35:57.021455,0x1,sw1,0,0,0.0,0,0,0
2025-07-06T21:35:57.021455,0x2,sw2,0,0,0.0,0,0,0
2025-07-06T21:35:58.129317,0x1,sw1,0,0,0.0,0,0,0
2025-07-06T21:35:58.129317,0x2,sw2,0,0,0.0,0,0,0
2025-07-06T21:35:59.204703,0x1,sw1,0,0,0.0,0,0,0
2025-07-06T21:35:59.204703,0x2,sw2,0,0,0.0,0,0,0
2025-07-06T21:36:00.283552,0x1,sw1,0,0,0.0,0,0,0
2025-07-06T21:36:00.283552,0x2,sw2,0,0,0.0,0,0,0
2025-07-06T21:36:01.379184,0x1,sw1,0,0,0.0,0,0,0
2025-07-06T21:36:01.379184,0x2,sw2,0,0,0.0,0,0,0
2025-07-06T21:36:02.550680,0x1,sw1,0,0,0.0,0,0,0
2025-07-06T21:36:02.550680,0x2,sw2,0,0,0.0,0,0,0
2025-07-06T21:36:03.611086,0x1,sw1,0,0,0.0,0,0,0
2025-07-06T21:36:03.611086,0x2,sw2,0,0,0.0,0,0,0
2025-07-06T21:36:04.771686,0x1,sw1,0,0,0.0,0,0,0
2025-07-06T21:36:04.771686,0x2,sw2,0,0,0.0,0,0,0
2025-07-06T21:36:05.870542,0x1,sw1,0,0,0.0,0,0,0
2025-07-06T21:36:05.870542,0x2,sw2,0,0,0.0,0,0,0
2025-07-06T21:36:06.965535,0x1,sw1,0,0,0.0,0,0,0
2025-07-06T21:36:06.965535,0x2,sw2,0,0,0.0,0,0,0
2025-07-06T21:36:08.066068,0x1,sw1,0,0,0.0,0,0,0
2025-07-06T21:36:08.066068,0x2,sw2,0,0,0.0,0,0,0
2025-07-06T21:36:09.145196,0x1,sw1,0,0,0.0,0,0,0
2025-07-06T21:36:09.145196,0x2,sw2,0,0,0.0,0,0,0
2025-07-06T21:36:10.182430,0x1,sw1,0,0,0.0,0,0,0
2025-07-06T21:36:10.182430,0x2,sw2,0,0,0.0,0,0,0
2025-07-06T21:36:11.357043,0x1,sw1,0,0,0.0,0,0,0
2025-07-06T21:36:11.357043,0x2,sw2,0,0,0.0,0,0,0
2025-07-06T21:36:12.453233,0x1,sw1,0,0,0.0,0,0,0
2025-07-06T21:36:12.453233,0x2,sw2,0,0,0.0,0,0,0
2025-07-06T21:36:13.488100,0x1,sw1,0,0,0.0,0,0,0
2025-07-06T21:36:13.488100,0x2,sw2,0,0,0.0,0,0,0
2025-07-06T21:36:14.577971,0x1,sw1,0,0,0.0,0,0,0
2025-07-06T21:36:14.577971,0x2,sw2,0,0,0.0,0,0,0
2025-07-06T21:36:15.689411,0x1,sw1,0,0,0.0,0,0,0
2025-07-06T21:36:15.689411,0x2,sw2,0,0,0.0,0,0,0
2025-07-06T21:36:16.823637,0x1,sw1,0,0,0.0,0,0,0
2025-07-06T21:36:16.823637,0x2,sw2,0,0,0.0,0,0,0
2025-07-06T21:36:17.921099,0x1,sw1,0,0,0.0,0,0,0
2025-07-06T21:36:17.921099,0x2,sw2,0,0,0.0,0,0,0
2025-07-06T21:36:19.013438,0x1,sw1,0,0,0.0,0,0,0
2025-07-06T21:36:19.013438,0x2,sw2,0,0,0.0,0,0,0
2025-07-06T21:36:20.110666,0x1,sw1,0,0,0.0,0,0,0
2025-07-06T21:36:20.110666,0x2,sw2,0,0,0.0,0,0,0
2025-07-06T21:36:21.236357,0x1,sw1,0,0,0.0,0,0,0
2025-07-06T21:36:21.236357,0x2,sw2,0,0,0.0,0,0,0
2025-07-06T21:36:22.320150,0x1,sw1,0,0,0.0,0,0,0
2025-07-06T21:36:22.320150,0x2,sw2,0,0,0.0,0,0,0
2025-07-06T21:36:23.432381,0x1,sw1,0,0,0.0,0,0,0
2025-07-06T21:36:23.432381,0x2,sw2,0,0,0.0,0,0,0
2025-07-06T21:36:24.519940,0x1,sw1,0,0,0.0,0,0,0
2025-07-06T21:36:24.519940,0x2,sw2,0,0,0.0,0,0,0
2025-07-06T21:36:25.610491,0x1,sw1,0,0,0.0,0,0,0
2025-07-06T21:36:25.610491,0x2,sw2,0,0,0.0,0,0,0
2025-07-06T21:36:26.693024,0x1,sw1,0,0,0.0,0,0,0
2025-07-06T21:36:26.693024,0x2,sw2,0,0,0.0,0,0,0
2025-07-06T21:36:27.823784,0x1,sw1,0,0,0.0,0,0,0
2025-07-06T21:36:27.823784,0x2,sw2,0,0,0.0,0,0,0
2025-07-06T21:36:28.916838,0x1,sw1,0,0,0.0,0,0,0
2025-07-06T21:36:28.916838,0x2,sw2,0,0,0.0,0,0,0
2025-07-06T21:36:29.998081,0x1,sw1,0,0,0.0,0,0,0
2025-07-06T21:36:29.998081,0x2,sw2,0,0,0.0,0,0,0
2025-07-06T21:36:31.080646,0x1,sw1,0,0,0.0,0,0,0
2025-07-06T21:36:31.080646,0x2,sw2,0,0,0.0,0,0,0
2025-07-06T21:36:32.193741,0x1,sw1,0,0,0.0,0,0,0
2025-07-06T21:36:32.193741,0x2,sw2,0,0,0.0,0,0,0
2025-07-06T21:36:33.270673,0x1,sw1,0,0,0.0,0,0,0
2025-07-06T21:36:33.270673,0x2,sw2,0,0,0.0,0,0,0
2025-07-06T21:36:34.409514,0x1,sw1,0,0,0.0,0,0,0
2025-07-06T21:36:34.409514,0x2,sw2,0,0,0.0,0,0,0
2025-07-06T21:36:35.527052,0x1,sw1,0,0,0.0,0,0,0
2025-07-06T21:36:35.527052,0x2,sw2,0,0,0.0,0,0,0
2025-07-06T21:36:36.724981,0x1,sw1,0,0,0.0,0,0,0
2025-07-06T21:36:36.724981,0x2,sw2,0,0,0.0,0,0,0
2025-07-06T21:36:37.872791,0x1,sw1,0,0,0.0,0,0,0
2025-07-06T21:36:37.872791,0x2,sw2,0,0,0.0,0,0,0
2025-07-06T21:36:39.012330,0x1,sw1,0,0,0.0,0,0,0
2025-07-06T21:36:39.012330,0x2,sw2,0,0,0.0,0,0,0
2025-07-06T21:36:40.110359,0x1,sw1,0,0,0.0,0,0,0
2025-07-06T21:36:40.110359,0x2,sw2,0,0,0.0,0,0,0
2025-07-06T21:36:41.255546,0x1,sw1,0,0,0.0,0,0,0
2025-07-06T21:36:41.255546,0x2,sw2,0,0,0.0,0,0,0
2025-07-06T21:36:42.392279,0x1,sw1,0,0,0.0,0,0,0
2025-07-06T21:36:42.392279,0x2,sw2,0,0,0.0,0,0,0
2025-07-06T21:36:43.464634,0x1,sw1,0,0,0.0,0,0,0
2025-07-06T21:36:43.464634,0x2,sw2,0,0,0.0,0,0,0
2025-07-06T21:36:44.529177,0x1,sw1,0,0,0.0,0,0,0
2025-07-06T21:36:44.529177,0x2,sw2,0,0,0.0,0,0,0
2025-07-06T21:36:45.659360,0x1,sw1,0,0,0.0,0,0,0
2025-07-06T21:36:45.659360,0x2,sw2,0,0,0.0,0,0,0
2025-07-06T21:36:46.828735,0x1,sw1,0,0,0.0,0,0,0
2025-07-06T21:36:46.828735,0x2,sw2,0,0,0.0,0,0,0
2025-07-06T21:36:47.987885,0x1,sw1,0,0,0.0,0,0,0
2025-07-06T21:36:47.987885,0x2,sw2,0,0,0.0,0,0,0
2025-07-06T21:36:49.192414,0x1,sw1,0,0,0.0,0,0,0
2025-07-06T21:36:49.192414,0x2,sw2,0,0,0.0,0,0,0
2025-07-06T21:36:50.377654,0x1,sw1,0,0,0.0,0,0,0
2025-07-06T21:36:50.377654,0x2,sw2,0,0,0.0,0,0,0
2025-07-06T21:36:51.573300,0x1,sw1,0,0,0.0,0,0,0
2025-07-06T21:36:51.573300,0x2,sw2,0,0,0.0,0,0,0
2025-07-06T21:36:52.702585,0x1,sw1,0,0,0.0,0,0,0
2025-07-06T21:36:52.702585,0x2,sw2,0,0,0.0,0,0,0
2025-07-06T21:36:53.828959,0x1,sw1,0,0,0.0,0,0,0
2025-07-06T21:36:53.828959,0x2,sw2,0,0,0.0,0,0,0
2025-07-06T21:36:54.969223,0x1,sw1,0,0,0.0,0,0,0
2025-07-06T21:36:54.969223,0x2,sw2,0,0,0.0,0,0,0
2025-07-06T21:36:56.085839,0x1,sw1,0,0,0.0,0,0,0
2025-07-06T21:36:56.085839,0x2,sw2,0,0,0.0,0,0,0
2025-07-06T21:36:57.184856,0x1,sw1,0,0,0.0,0,0,0
2025-07-06T21:36:57.184856,0x2,sw2,0,0,0.0,0,0,0
2025-07-06T21:36:58.285847,0x1,sw1,0,0,0.0,0,0,0
2025-07-06T21:36:58.285847,0x2,sw2,0,0,0.0,0,0,0
2025-07-06T21:36:59.343939,0x1,sw1,0,0,0.0,0,0,0
2025-07-06T21:36:59.343939,0x2,sw2,0,0,0.0,0,0,0
2025-07-06T21:37:00.462134,0x1,sw1,0,0,0.0,0,0,0
2025-07-06T21:37:00.462134,0x2,sw2,0,0,0.0,0,0,0
2025-07-06T21:37:01.568374,0x1,sw1,0,0,0.0,0,0,0
2025-07-06T21:37:01.568374,0x2,sw2,0,0,0.0,0,0,0
2025-07-06T21:37:02.632746,0x1,sw1,0,0,0.0,0,0,0
2025-07-06T21:37:02.632746,0x2,sw2,0,0,0.0,0,0,0
2025-07-06T21:37:03.763869,0x1,sw1,0,0,0.0,0,0,0
2025-07-06T21:37:03.763869,0x2,sw2,0,0,0.0,0,0,0
2025-07-06T21:37:04.802246,0x1,sw1,0,0,0.0,0,0,0
2025-07-06T21:37:04.802246,0x2,sw2,0,0,0.0,0,0,0
2025-07-06T21:37:05.875780,0x1,sw1,0,0,0.0,0,0,0
2025-07-06T21:37:05.875780,0x2,sw2,0,0,0.0,0,0,0
2025-07-06T21:37:06.974311,0x1,sw1,0,0,0.0,0,0,0
2025-07-06T21:37:06.974311,0x2,sw2,0,0,0.0,0,0,0
2025-07-06T21:37:08.066650,0x1,sw1,0,0,0.0,0,0,0
2025-07-06T21:37:08.066650,0x2,sw2,0,0,0.0,0,0,0
2025-07-06T21:37:09.106836,0x1,sw1,0,0,0.0,0,0,0
2025-07-06T21:37:09.106836,0x2,sw2,0,0,0.0,0,0,0
2025-07-06T21:37:10.163166,0x1,sw1,0,0,0.0,0,0,0
2025-07-06T21:37:10.163166,0x2,sw2,0,0,0.0,0,0,0
2025-07-06T21:37:11.275219,0x1,sw1,0,0,0.0,0,0,0
2025-07-06T21:37:11.275219,0x2,sw2,0,0,0.0,0,0,0
2025-07-06T21:37:12.345511,0x1,sw1,0,0,0.0,0,0,0
2025-07-06T21:37:12.345511,0x2,sw2,0,0,0.0,0,0,0
2025-07-06T21:37:13.423542,0x1,sw1,0,0,0.0,0,0,0
2025-07-06T21:37:13.423542,0x2,sw2,0,0,0.0,0,0,0
2025-07-06T21:37:14.521654,0x1,sw1,0,0,0.0,0,0,0
2025-07-06T21:37:14.521654,0x2,sw2,0,0,0.0,0,0,0
2025-07-06T21:37:15.638677,0x1,sw1,0,0,0.0,0,0,0
2025-07-06T21:37:15.638677,0x2,sw2,0,0,0.0,0,0,0
2025-07-06T21:37:16.756298,0x1,sw1,0,0,0.0,0,0,0
2025-07-06T21:37:16.756298,0x2,sw2,0,0,0.0,0,0,0
2025-07-06T21:37:17.802830,0x1,sw1,0,0,0.0,0,0,0
2025-07-06T21:37:17.802830,0x2,sw2,0,0,0.0,0,0,0
2025-07-06T21:37:18.885566,0x1,sw1,0,0,0.0,0,0,0
2025-07-06T21:37:18.885566,0x2,sw2,0,0,0.0,0,0,0
2025-07-06T21:37:19.952074,0x1,sw1,0,0,0.0,0,0,0
2025-07-06T21:37:19.952074,0x2,sw2,0,0,0.0,0,0,0
2025-07-06T21:37:21.099780,0x1,sw1,0,0,0.0,0,0,0
2025-07-06T21:37:21.099780,0x2,sw2,0,0,0.0,0,0,0
2025-07-06T21:37:22.223258,0x1,sw1,0,0,0.0,0,0,0
2025-07-06T21:37:22.223258,0x2,sw2,0,0,0.0,0,0,0
2025-07-06T21:37:23.288077,0x1,sw1,0,0,0.0,0,0,0
2025-07-06T21:37:23.288077,0x2,sw2,0,0,0.0,0,0,0
2025-07-06T21:37:24.454614,0x1,sw1,0,0,0.0,0,0,0
2025-07-06T21:37:24.454614,0x2,sw2,0,0,0.0,0,0,0
2025-07-06T21:37:25.544689,0x1,sw1,0,0,0.0,0,0,0
2025-07-06T21:37:25.544689,0x2,sw2,0,0,0.0,0,0,0
2025-07-06T21:37:26.664563,0x1,sw1,0,0,0.0,0,0,0
2025-07-06T21:37:26.664563,0x2,sw2,0,0,0.0,0,0,0
2025-07-06T21:37:27.816332,0x1,sw1,0,0,0.0,0,0,0
2025-07-06T21:37:27.816332,0x2,sw2,0,0,0.0,0,0,0
2025-07-06T21:37:28.929627,0x1,sw1,0,0,0.0,0,0,0
2025-07-06T21:37:28.929627,0x2,sw2,0,0,0.0,0,0,0
2025-07-06T21:37:29.979000,0x1,sw1,0,0,0.0,0,0,0
2025-07-06T21:37:29.979000,0x2,sw2,0,0,0.0,0,0,0
2025-07-06T21:37:31.109281,0x1,sw1,0,0,0.0,0,0,0
2025-07-06T21:37:31.109281,0x2,sw2,0,0,0.0,0,0,0
2025-07-06T21:37:32.296686,0x1,sw1,0,0,0.0,0,0,0
2025-07-06T21:37:32.296686,0x2,sw2,0,0,0.0,0,0,0
2025-07-06T21:37:33.419401,0x1,sw1,0,0,0.0,0,0,0
2025-07-06T21:37:33.419401,0x2,sw2,0,0,0.0,0,0,0
2025-07-06T21:37:34.544690,0x1,sw1,0,0,0.0,0,0,0
2025-07-06T21:37:34.544690,0x2,sw2,0,0,0.0,0,0,0
2025-07-06T21:37:35.669951,0x1,sw1,0,0,0.0,0,0,0
2025-07-06T21:37:35.669951,0x2,sw2,0,0,0.0,0,0,0
2025-07-06T21:37:36.792730,0x1,sw1,0,0,0.0,0,0,0
2025-07-06T21:37:36.792730,0x2,sw2,0,0,0.0,0,0,0
2025-07-06T21:37:38.059818,0x1,sw1,0,0,0.0,0,0,0
2025-07-06T21:37:38.059818,0x2,sw2,0,0,0.0,0,0,0
2025-07-06T21:37:39.190752,0x1,sw1,0,0,0.0,0,0,0
2025-07-06T21:37:39.190752,0x2,sw2,0,0,0.0,0,0,0
2025-07-06T21:37:40.319476,0x1,sw1,0,0,0.0,0,0,0
2025-07-06T21:37:40.319476,0x2,sw2,0,0,0.0,0,0,0
2025-07-06T21:37:41.501552,0x1,sw1,0,0,0.0,0,0,0
2025-07-06T21:37:41.501552,0x2,sw2,0,0,0.0,0,0,0
2025-07-06T21:37:42.606395,0x1,sw1,0,0,0.0,0,0,0
2025-07-06T21:37:42.606395,0x2,sw2,0,0,0.0,0,0,0
2025-07-06T21:37:43.667714,0x1,sw1,0,0,0.0,0,0,0
2025-07-06T21:37:43.667714,0x2,sw2,0,0,0.0,0,0,0
2025-07-06T21:37:44.831818,0x1,sw1,0,0,0.0,0,0,0
2025-07-06T21:37:44.831818,0x2,sw2,0,0,0.0,0,0,0
2025-07-06T21:37:45.935489,0x1,sw1,0,0,0.0,0,0,0
2025-07-06T21:37:45.935489,0x2,sw2,0,0,0.0,0,0,0
2025-07-06T21:37:47.014794,0x1,sw1,0,0,0.0,0,0,0
2025-07-06T21:37:47.014794,0x2,sw2,0,0,0.0,0,0,0
2025-07-06T21:37:48.100141,0x1,sw1,0,0,0.0,0,0,0
2025-07-06T21:37:48.100141,0x2,sw2,0,0,0.0,0,0,0
2025-07-06T21:37:49.179514,0x1,sw1,0,0,0.0,0,0,0
2025-07-06T21:37:49.179514,0x2,sw2,0,0,0.0,0,0,0
2025-07-06T21:37:50.245875,0x1,sw1,0,0,0.0,0,0,0
2025-07-06T21:37:50.245875,0x2,sw2,0,0,0.0,0,0,0
2025-07-06T21:37:51.392610,0x1,sw1,0,0,0.0,0,0,0
2025-07-06T21:37:51.392610,0x2,sw2,0,0,0.0,0,0,0
2025-07-06T21:37:52.475576,0x1,sw1,0,0,0.0,0,0,0
2025-07-06T21:37:52.475576,0x2,sw2,0,0,0.0,0,0,0
2025-07-06T21:37:53.562227,0x1,sw1,0,0,0.0,0,0,0
2025-07-06T21:37:53.562227,0x2,sw2,0,0,0.0,0,0,0
2025-07-06T21:37:54.878455,0x1,sw1,0,0,0.0,0,0,0
2025-07-06T21:37:54.878455,0x2,sw2,0,0,0.0,0,0,0
2025-07-06T21:37:56.072817,0x1,sw1,0,0,0.0,0,0,0
2025-07-06T21:37:56.072817,0x2,sw2,0,0,0.0,0,0,0
2025-07-06T21:37:57.171535,0x1,sw1,0,0,0.0,0,0,0
2025-07-06T21:37:57.171535,0x2,sw2,0,0,0.0,0,0,0
2025-07-06T21:37:58.225304,0x1,sw1,0,0,0.0,0,0,0
2025-07-06T21:37:58.225304,0x2,sw2,0,0,0.0,0,0,0
2025-07-06T21:37:59.302045,0x1,sw1,0,0,0.0,0,0,0
2025-07-06T21:37:59.302045,0x2,sw2,0,0,0.0,0,0,0
2025-07-06T21:38:00.370546,0x1,sw1,0,0,0.0,0,0,0
2025-07-06T21:38:00.370546,0x2,sw2,0,0,0.0,0,0,0
2025-07-06T21:38:01.452039,0x1,sw1,0,0,0.0,0,0,0
2025-07-06T21:38:01.452039,0x2,sw2,0,0,0.0,0,0,0
2025-07-06T21:38:02.626800,0x1,sw1,0,0,0.0,0,0,0
2025-07-06T21:38:02.626800,0x2,sw2,0,0,0.0,0,0,0
2025-07-06T21:38:03.736374,0x1,sw1,0,0,0.0,0,0,0
2025-07-06T21:38:03.736374,0x2,sw2,0,0,0.0,0,0,0
2025-07-06T21:38:04.831174,0x1,sw1,0,0,0.0,0,0,0
2025-07-06T21:38:04.831174,0x2,sw2,0,0,0.0,0,0,0
2025-07-06T21:38:05.926262,0x1,sw1,0,0,0.0,0,0,0
2025-07-06T21:38:05.926262,0x2,sw2,0,0,0.0,0,0,0
2025-07-06T21:38:07.045950,0x1,sw1,0,0,0.0,0,0,0
2025-07-06T21:38:07.045950,0x2,sw2,0,0,0.0,0,0,0
2025-07-06T21:38:08.143452,0x1,sw1,0,0,0.0,0,0,0
2025-07-06T21:38:08.143452,0x2,sw2,0,0,0.0,0,0,0
2025-07-06T21:38:09.273817,0x1,sw1,0,0,0.0,0,0,0
2025-07-06T21:38:09.273817,0x2,sw2,0,0,0.0,0,0,0
2025-07-06T21:38:10.419896,0x1,sw1,0,0,0.0,0,0,0
2025-07-06T21:38:10.419896,0x2,sw2,0,0,0.0,0,0,0
2025-07-06T21:38:11.582475,0x1,sw1,0,0,0.0,0,0,0
2025-07-06T21:38:11.582475,0x2,sw2,0,0,0.0,0,0,0
2025-07-06T21:38:12.702618,0x1,sw1,0,0,0.0,0,0,0
2025-07-06T21:38:12.702618,0x2,sw2,0,0,0.0,0,0,0
2025-07-06T21:38:13.821663,0x1,sw1,0,0,0.0,0,0,0
2025-07-06T21:38:13.821663,0x2,sw2,0,0,0.0,0,0,0
2025-07-06T21:38:14.983053,0x1,sw1,0,0,0.0,0,0,0
2025-07-06T21:38:14.983053,0x2,sw2,0,0,0.0,0,0,0
2025-07-06T21:38:16.058239,0x1,sw1,0,0,0.0,0,0,0
2025-07-06T21:38:16.058239,0x2,sw2,0,0,0.0,0,0,0
2025-07-06T21:38:17.152797,0x1,sw1,0,0,0.0,0,0,0
2025-07-06T21:38:17.152797,0x2,sw2,0,0,0.0,0,0,0
2025-07-06T21:38:18.260328,0x1,sw1,0,0,0.0,0,0,0
2025-07-06T21:38:18.260328,0x2,sw2,0,0,0.0,0,0,0
2025-07-06T21:38:19.385615,0x1,sw1,0,0,0.0,0,0,0
2025-07-06T21:38:19.385615,0x2,sw2,0,0,0.0,0,0,0
2025-07-06T21:38:20.470320,0x1,sw1,0,0,0.0,0,0,0
2025-07-06T21:38:20.470320,0x2,sw2,0,0,0.0,0,0,0
2025-07-06T21:38:21.507807,0x1,sw1,0,0,0.0,0,0,0
2025-07-06T21:38:21.507807,0x2,sw2,0,0,0.0,0,0,0
2025-07-06T21:38:22.672393,0x1,sw1,0,0,0.0,0,0,0
2025-07-06T21:38:22.672393,0x2,sw2,0,0,0.0,0,0,0
2025-07-06T21:38:23.797667,0x1,sw1,0,0,0.0,0,0,0
2025-07-06T21:38:23.797667,0x2,sw2,0,0,0.0,0,0,0
2025-07-06T21:38:25.001612,0x1,sw1,0,0,0.0,0,0,0
2025-07-06T21:38:25.001612,0x2,sw2,0,0,0.0,0,0,0
2025-07-06T21:38:26.156418,0x1,sw1,0,0,0.0,0,0,0
2025-07-06T21:38:26.156418,0x2,sw2,0,0,0.0,0,0,0
2025-07-06T21:38:27.269368,0x1,sw1,0,0,0.0,0,0,0
2025-07-06T21:38:27.269368,0x2,sw2,0,0,0.0,0,0,0
2025-07-06T21:38:28.368202,0x1,sw1,0,0,0.0,0,0,0
2025-07-06T21:38:28.368202,0x2,sw2,0,0,0.0,0,0,0
2025-07-06T21:38:29.490090,0x1,sw1,0,0,0.0,0,0,0
2025-07-06T21:38:29.490090,0x2,sw2,0,0,0.0,0,0,0
2025-07-06T21:38:30.626128,0x1,sw1,0,0,0.0,0,0,0
2025-07-06T21:38:30.626128,0x2,sw2,0,0,0.0,0,0,0
2025-07-06T21:38:31.726827,0x1,sw1,0,0,0.0,0,0,0
2025-07-06T21:38:31.726827,0x2,sw2,0,0,0.0,0,0,0
2025-07-06T21:38:32.846864,0x1,sw1,0,0,0.0,0,0,0
2025-07-06T21:38:32.846864,0x2,sw2,0,0,0.0,0,0,0
2025-07-06T21:38:33.945114,0x1,sw1,0,0,0.0,0,0,0
2025-07-06T21:38:33.945114,0x2,sw2,0,0,0.0,0,0,0
2025-07-06T21:38:35.041435,0x1,sw1,0,0,0.0,0,0,0
2025-07-06T21:38:35.041435,0x2,sw2,0,0,0.0,0,0,0
2025-07-06T21:38:36.120652,0x1,sw1,0,0,0.0,0,0,0
2025-07-06T21:38:36.120652,0x2,sw2,0,0,0.0,0,0,0
2025-07-06T21:38:37.268978,0x1,sw1,0,0,0.0,0,0,0
2025-07-06T21:38:37.268978,0x2,sw2,0,0,0.0,0,0,0
2025-07-06T21:38:38.360422,0x1,sw1,0,0,0.0,0,0,0
2025-07-06T21:38:38.360422,0x2,sw2,0,0,0.0,0,0,0
2025-07-06T21:38:39.462811,0x1,sw1,0,0,0.0,0,0,0
2025-07-06T21:38:39.462811,0x2,sw2,0,0,0.0,0,0,0
2025-07-06T21:38:40.584117,0x1,sw1,0,0,0.0,0,0,0
2025-07-06T21:38:40.584117,0x2,sw2,0,0,0.0,0,0,0
2025-07-06T21:38:41.638538,0x1,sw1,0,0,0.0,0,0,0
2025-07-06T21:38:41.638538,0x2,sw2,0,0,0.0,0,0,0
2025-07-06T21:38:42.781659,0x1,sw1,0,0,0.0,0,0,0
2025-07-06T21:38:42.781659,0x2,sw2,0,0,0.0,0,0,0
2025-07-06T21:38:43.887922,0x1,sw1,0,0,0.0,0,0,0
2025-07-06T21:38:43.887922,0x2,sw2,0,0,0.0,0,0,0
2025-07-06T21:38:45.021651,0x1,sw1,0,0,0.0,0,0,0
2025-07-06T21:38:45.021651,0x2,sw2,0,0,0.0,0,0,0
2025-07-06T21:38:46.151629,0x1,sw1,0,0,0.0,0,0,0
2025-07-06T21:38:46.151629,0x2,sw2,0,0,0.0,0,0,0
2025-07-06T21:38:47.220638,0x1,sw1,0,0,0.0,0,0,0
2025-07-06T21:38:47.220638,0x2,sw2,0,0,0.0,0,0,0
2025-07-06T21:38:48.278684,0x1,sw1,0,0,0.0,0,0,0
2025-07-06T21:38:48.278684,0x2,sw2,0,0,0.0,0,0,0
2025-07-06T21:38:49.369893,0x1,sw1,0,0,0.0,0,0,0
2025-07-06T21:38:49.369893,0x2,sw2,0,0,0.0,0,0,0
2025-07-06T21:38:50.490269,0x1,sw1,0,0,0.0,0,0,0
2025-07-06T21:38:50.490269,0x2,sw2,0,0,0.0,0,0,0
2025-07-06T21:38:51.637787,0x1,sw1,0,0,0.0,0,0,0
2025-07-06T21:38:51.637787,0x2,sw2,0,0,0.0,0,0,0
2025-07-06T21:38:52.738077,0x1,sw1,0,0,0.0,0,0,0
2025-07-06T21:38:52.738077,0x2,sw2,0,0,0.0,0,0,0
2025-07-06T21:38:53.862898,0x1,sw1,0,0,0.0,0,0,0
2025-07-06T21:38:53.862898,0x2,sw2,0,0,0.0,0,0,0
2025-07-06T21:38:54.908503,0x1,sw1,0,0,0.0,0,0,0
2025-07-06T21:38:54.908503,0x2,sw2,0,0,0.0,0,0,0
2025-07-06T21:38:56.005291,0x1,sw1,0,0,0.0,0,0,0
2025-07-06T21:38:56.005291,0x2,sw2,0,0,0.0,0,0,0
2025-07-06T21:38:57.140691,0x1,sw1,0,0,0.0,0,0,0
2025-07-06T21:38:57.140691,0x2,sw2,0,0,0.0,0,0,0
2025-07-06T21:38:58.204163,0x1,sw1,0,0,0.0,0,0,0
2025-07-06T21:38:58.204163,0x2,sw2,0,0,0.0,0,0,0
2025-07-06T21:38:59.323955,0x1,sw1,0,0,0.0,0,0,0
2025-07-06T21:38:59.323955,0x2,sw2,0,0,0.0,0,0,0
2025-07-06T21:39:00.454505,0x1,sw1,0,0,0.0,0,0,0
2025-07-06T21:39:00.454505,0x2,sw2,0,0,0.0,0,0,0
2025-07-06T21:39:01.627682,0x1,sw1,0,0,0.0,0,0,0
2025-07-06T21:39:01.627682,0x2,sw2,0,0,0.0,0,0,0
2025-07-06T21:39:02.699554,0x1,sw1,0,0,0.0,0,0,0
2025-07-06T21:39:02.699554,0x2,sw2,0,0,0.0,0,0,0
2025-07-06T21:39:03.822645,0x1,sw1,0,0,0.0,0,0,0
2025-07-06T21:39:03.822645,0x2,sw2,0,0,0.0,0,0,0
2025-07-06T21:39:04.951391,0x1,sw1,0,0,0.0,0,0,0
2025-07-06T21:39:04.951391,0x2,sw2,0,0,0.0,0,0,0
2025-07-06T21:39:06.050809,0x1,sw1,0,0,0.0,0,0,0
2025-07-06T21:39:06.050809,0x2,sw2,0,0,0.0,0,0,0
2025-07-06T21:39:07.180773,0x1,sw1,0,0,0.0,0,0,0
2025-07-06T21:39:07.180773,0x2,sw2,0,0,0.0,0,0,0
2025-07-06T21:39:08.316812,0x1,sw1,0,0,0.0,0,0,0
2025-07-06T21:39:08.316812,0x2,sw2,0,0,0.0,0,0,0
2025-07-06T21:39:09.409967,0x1,sw1,0,0,0.0,0,0,0
2025-07-06T21:39:09.409967,0x2,sw2,0,0,0.0,0,0,0
2025-07-06T21:39:10.446120,0x1,sw1,0,0,0.0,0,0,0
2025-07-06T21:39:10.446120,0x2,sw2,0,0,0.0,0,0,0
2025-07-06T21:43:23.881586,0x1,sw1,0,0,0.0,0,0,0
2025-07-06T21:43:23.881586,0x2,sw2,0,0,0.0,0,0,0
2025-07-06T21:43:24.978635,0x1,sw1,0,0,0.0,0,0,0
2025-07-06T21:43:24.978635,0x2,sw2,0,0,0.0,0,0,0
2025-07-06T21:43:26.084259,0x1,sw1,0,0,0.0,0,0,0
2025-07-06T21:43:26.084259,0x2,sw2,0,0,0.0,0,0,0
2025-07-06T21:43:27.220547,0x1,sw1,0,0,0.0,0,0,0
2025-07-06T21:43:27.220547,0x2,sw2,0,0,0.0,0,0,0
2025-07-06T21:43:28.368043,0x1,sw1,0,0,0.0,0,0,0
2025-07-06T21:43:28.368043,0x2,sw2,0,0,0.0,0,0,0
2025-07-06T21:43:29.494588,0x1,sw1,0,0,0.0,0,0,0
2025-07-06T21:43:29.494588,0x2,sw2,0,0,0.0,0,0,0
2025-07-06T21:43:30.629665,0x1,sw1,0,0,0.0,0,0,0
2025-07-06T21:43:30.629665,0x2,sw2,0,0,0.0,0,0,0
2025-07-06T21:43:31.767104,0x1,sw1,0,0,0.0,0,0,0
2025-07-06T21:43:31.767104,0x2,sw2,0,0,0.0,0,0,0
2025-07-06T21:43:32.864104,0x1,sw1,0,0,0.0,0,0,0
2025-07-06T21:43:32.864104,0x2,sw2,0,0,0.0,0,0,0
2025-07-06T21:43:33.967321,0x1,sw1,0,0,0.0,0,0,0
2025-07-06T21:43:33.967321,0x2,sw2,0,0,0.0,0,0,0
2025-07-06T21:43:35.097165,0x1,sw1,0,0,0.0,0,0,0
2025-07-06T21:43:35.097165,0x2,sw2,0,0,0.0,0,0,0
2025-07-06T21:43:36.193711,0x1,sw1,0,0,0.0,0,0,0
2025-07-06T21:43:36.193711,0x2,sw2,0,0,0.0,0,0,0
2025-07-06T21:43:37.314369,0x1,sw1,0,0,0.0,0,0,0
2025-07-06T21:43:37.314369,0x2,sw2,0,0,0.0,0,0,0
2025-07-06T21:43:38.447239,0x1,sw1,0,0,0.0,0,0,0
2025-07-06T21:43:38.447239,0x2,sw2,0,0,0.0,0,0,0
2025-07-06T21:43:39.575236,0x1,sw1,0,0,0.0,0,0,0
2025-07-06T21:43:39.575236,0x2,sw2,0,0,0.0,0,0,0
2025-07-06T21:43:40.617114,0x1,sw1,0,0,0.0,0,0,0
2025-07-06T21:43:40.617114,0x2,sw2,0,0,0.0,0,0,0
2025-07-06T21:43:41.694254,0x1,sw1,0,0,0.0,0,0,0
2025-07-06T21:43:41.694254,0x2,sw2,0,0,0.0,0,0,0
2025-07-06T21:43:42.858598,0x1,sw1,0,0,0.0,0,0,0
2025-07-06T21:43:42.858598,0x2,sw2,0,0,0.0,0,0,0
2025-07-06T21:43:43.964567,0x1,sw1,0,0,0.0,0,0,0
2025-07-06T21:43:43.964567,0x2,sw2,0,0,0.0,0,0,0
2025-07-06T21:43:45.117004,0x1,sw1,0,0,0.0,0,0,0
2025-07-06T21:43:45.117004,0x2,sw2,0,0,0.0,0,0,0
2025-07-06T21:43:46.187463,0x1,sw1,0,0,0.0,0,0,0
2025-07-06T21:43:46.187463,0x2,sw2,0,0,0.0,0,0,0
2025-07-06T21:43:47.322060,0x1,sw1,0,0,0.0,0,0,0
2025-07-06T21:43:47.322060,0x2,sw2,0,0,0.0,0,0,0
2025-07-06T21:43:48.469485,0x1,sw1,0,0,0.0,0,0,0
2025-07-06T21:43:48.469485,0x2,sw2,0,0,0.0,0,0,0
2025-07-06T21:43:49.589086,0x1,sw1,0,0,0.0,0,0,0
2025-07-06T21:43:49.589086,0x2,sw2,0,0,0.0,0,0,0
2025-07-06T21:43:50.797135,0x1,sw1,0,0,0.0,0,0,0
2025-07-06T21:43:50.797135,0x2,sw2,0,0,0.0,0,0,0
2025-07-06T21:43:51.945661,0x1,sw1,0,0,0.0,0,0,0
2025-07-06T21:43:51.945661,0x2,sw2,0,0,0.0,0,0,0
2025-07-06T21:43:53.045546,0x1,sw1,0,0,0.0,0,0,0
2025-07-06T21:43:53.045546,0x2,sw2,0,0,0.0,0,0,0
2025-07-06T21:43:54.166939,0x1,sw1,0,0,0.0,0,0,0
2025-07-06T21:43:54.166939,0x2,sw2,0,0,0.0,0,0,0
2025-07-06T21:43:55.221320,0x1,sw1,0,0,0.0,0,0,0
2025-07-06T21:43:55.221320,0x2,sw2,0,0,0.0,0,0,0
2025-07-06T21:43:56.289016,0x1,sw1,0,0,0.0,0,0,0
2025-07-06T21:43:56.289016,0x2,sw2,0,0,0.0,0,0,0
2025-07-06T21:43:57.371050,0x1,sw1,0,0,0.0,0,0,0
2025-07-06T21:43:57.371050,0x2,sw2,0,0,0.0,0,0,0
2025-07-06T21:43:58.523957,0x1,sw1,0,0,0.0,0,0,0
2025-07-06T21:43:58.523957,0x2,sw2,0,0,0.0,0,0,0
2025-07-06T21:43:59.788467,0x1,sw1,0,0,0.0,0,0,0
2025-07-06T21:43:59.788467,0x2,sw2,0,0,0.0,0,0,0
2025-07-06T21:44:01.004809,0x1,sw1,0,0,0.0,0,0,0
2025-07-06T21:44:01.004809,0x2,sw2,0,0,0.0,0,0,0
2025-07-06T21:44:02.118942,0x1,sw1,0,0,0.0,0,0,0
2025-07-06T21:44:02.118942,0x2,sw2,0,0,0.0,0,0,0
2025-07-06T21:44:03.191092,0x1,sw1,0,0,0.0,0,0,0
2025-07-06T21:44:03.191092,0x2,sw2,0,0,0.0,0,0,0
2025-07-06T21:44:04.294826,0x1,sw1,0,0,0.0,0,0,0
2025-07-06T21:44:04.294826,0x2,sw2,0,0,0.0,0,0,0
2025-07-06T21:44:05.402128,0x1,sw1,0,0,0.0,0,0,0
2025-07-06T21:44:05.402128,0x2,sw2,0,0,0.0,0,0,0
2025-07-06T21:44:06.469327,0x1,sw1,0,0,0.0,0,0,0
2025-07-06T21:44:06.469327,0x2,sw2,0,0,0.0,0,0,0
2025-07-06T21:44:07.545239,0x1,sw1,0,0,0.0,0,0,0
2025-07-06T21:44:07.545239,0x2,sw2,0,0,0.0,0,0,0
2025-07-06T21:44:08.609396,0x1,sw1,0,0,0.0,0,0,0
2025-07-06T21:44:08.609396,0x2,sw2,0,0,0.0,0,0,0
2025-07-06T21:44:09.654285,0x1,sw1,0,0,0.0,0,0,0
2025-07-06T21:44:09.654285,0x2,sw2,0,0,0.0,0,0,0
2025-07-06T21:44:10.762131,0x1,sw1,0,0,0.0,0,0,0
2025-07-06T21:44:10.762131,0x2,sw2,0,0,0.0,0,0,0
2025-07-06T21:44:11.878886,0x1,sw1,0,0,0.0,0,0,0
2025-07-06T21:44:11.878886,0x2,sw2,0,0,0.0,0,0,0
2025-07-06T21:44:13.008246,0x1,sw1,0,0,0.0,0,0,0
2025-07-06T21:44:13.008246,0x2,sw2,0,0,0.0,0,0,0
2025-07-06T21:44:14.156683,0x1,sw1,0,0,0.0,0,0,0
2025-07-06T21:44:14.156683,0x2,sw2,0,0,0.0,0,0,0
2025-07-06T21:44:15.275690,0x1,sw1,0,0,0.0,0,0,0
2025-07-06T21:44:15.275690,0x2,sw2,0,0,0.0,0,0,0
2025-07-06T21:44:16.427703,0x1,sw1,0,0,0.0,0,0,0
2025-07-06T21:44:16.427703,0x2,sw2,0,0,0.0,0,0,0
2025-07-06T21:44:17.541046,0x1,sw1,0,0,0.0,0,0,0
2025-07-06T21:44:17.541046,0x2,sw2,0,0,0.0,0,0,0
2025-07-06T21:44:18.643488,0x1,sw1,0,0,0.0,0,0,0
2025-07-06T21:44:18.643488,0x2,sw2,0,0,0.0,0,0,0
2025-07-06T21:44:19.819204,0x1,sw1,0,0,0.0,0,0,0
2025-07-06T21:44:19.819204,0x2,sw2,0,0,0.0,0,0,0
2025-07-06T21:44:20.868810,0x1,sw1,0,0,0.0,0,0,0
2025-07-06T21:44:20.868810,0x2,sw2,0,0,0.0,0,0,0
2025-07-06T21:44:21.989533,0x1,sw1,0,0,0.0,0,0,0
2025-07-06T21:44:21.989533,0x2,sw2,0,0,0.0,0,0,0
2025-07-06T21:44:23.111894,0x1,sw1,0,0,0.0,0,0,0
2025-07-06T21:44:23.111894,0x2,sw2,0,0,0.0,0,0,0
2025-07-06T21:44:24.201418,0x1,sw1,0,0,0.0,0,0,0
2025-07-06T21:44:24.201418,0x2,sw2,0,0,0.0,0,0,0
2025-07-06T21:44:25.293322,0x1,sw1,0,0,0.0,0,0,0
2025-07-06T21:44:25.293322,0x2,sw2,0,0,0.0,0,0,0
2025-07-06T21:44:26.389873,0x1,sw1,0,0,0.0,0,0,0
2025-07-06T21:44:26.389873,0x2,sw2,0,0,0.0,0,0,0
2025-07-06T21:44:27.475870,0x1,sw1,0,0,0.0,0,0,0
2025-07-06T21:44:27.475870,0x2,sw2,0,0,0.0,0,0,0
2025-07-06T21:44:28.646961,0x1,sw1,0,0,0.0,0,0,0
2025-07-06T21:44:28.646961,0x2,sw2,0,0,0.0,0,0,0
2025-07-06T21:44:29.772054,0x1,sw1,0,0,0.0,0,0,0
2025-07-06T21:44:29.772054,0x2,sw2,0,0,0.0,0,0,0
2025-07-06T21:44:30.893655,0x1,sw1,0,0,0.0,0,0,0
2025-07-06T21:44:30.893655,0x2,sw2,0,0,0.0,0,0,0
2025-07-06T21:44:31.998444,0x1,sw1,0,0,0.0,0,0,0
2025-07-06T21:44:31.998444,0x2,sw2,0,0,0.0,0,0,0
2025-07-06T21:44:33.072398,0x1,sw1,0,0,0.0,0,0,0
2025-07-06T21:44:33.072398,0x2,sw2,0,0,0.0,0,0,0
2025-07-06T21:44:34.144748,0x1,sw1,0,0,0.0,0,0,0
2025-07-06T21:44:34.144748,0x2,sw2,0,0,0.0,0,0,0
2025-07-06T21:44:35.218521,0x1,sw1,0,0,0.0,0,0,0
2025-07-06T21:44:35.218521,0x2,sw2,0,0,0.0,0,0,0
2025-07-06T21:44:36.297467,0x1,sw1,0,0,0.0,0,0,0
2025-07-06T21:44:36.297467,0x2,sw2,0,0,0.0,0,0,0
2025-07-06T21:44:37.369109,0x1,sw1,0,0,0.0,0,0,0
2025-07-06T21:44:37.369109,0x2,sw2,0,0,0.0,0,0,0
2025-07-06T21:44:38.441860,0x1,sw1,0,0,0.0,0,0,0
2025-07-06T21:44:38.441860,0x2,sw2,0,0,0.0,0,0,0
2025-07-06T21:44:39.736059,0x1,sw1,0,0,0.0,0,0,0
2025-07-06T21:44:39.736059,0x2,sw2,0,0,0.0,0,0,0
2025-07-06T21:44:40.833247,0x1,sw1,0,0,0.0,0,0,0
2025-07-06T21:44:40.833247,0x2,sw2,0,0,0.0,0,0,0
2025-07-06T21:44:41.912360,0x1,sw1,0,0,0.0,0,0,0
2025-07-06T21:44:41.912360,0x2,sw2,0,0,0.0,0,0,0
2025-07-06T21:44:43.010163,0x1,sw1,0,0,0.0,0,0,0
2025-07-06T21:44:43.010163,0x2,sw2,0,0,0.0,0,0,0
2025-07-06T21:44:44.076430,0x1,sw1,0,0,0.0,0,0,0
2025-07-06T21:44:44.076430,0x2,sw2,0,0,0.0,0,0,0
2025-07-06T21:44:45.149213,0x1,sw1,0,0,0.0,0,0,0
2025-07-06T21:44:45.149213,0x2,sw2,0,0,0.0,0,0,0
2025-07-06T21:44:46.206484,0x1,sw1,0,0,0.0,0,0,0
2025-07-06T21:44:46.206484,0x2,sw2,0,0,0.0,0,0,0
2025-07-06T21:44:47.285050,0x1,sw1,0,0,0.0,0,0,0
2025-07-06T21:44:47.285050,0x2,sw2,0,0,0.0,0,0,0
2025-07-06T21:44:48.387217,0x1,sw1,0,0,0.0,0,0,0
2025-07-06T21:44:48.387217,0x2,sw2,0,0,0.0,0,0,0
2025-07-06T21:44:49.481624,0x1,sw1,0,0,0.0,0,0,0
2025-07-06T21:44:49.481624,0x2,sw2,0,0,0.0,0,0,0
2025-07-06T21:44:50.595575,0x1,sw1,0,0,0.0,0,0,0
2025-07-06T21:44:50.595575,0x2,sw2,0,0,0.0,0,0,0
2025-07-06T21:44:51.713331,0x1,sw1,0,0,0.0,0,0,0
2025-07-06T21:44:51.713331,0x2,sw2,0,0,0.0,0,0,0
2025-07-06T21:44:52.815124,0x1,sw1,0,0,0.0,0,0,0
2025-07-06T21:44:52.815124,0x2,sw2,0,0,0.0,0,0,0
2025-07-06T21:44:53.896452,0x1,sw1,0,0,0.0,0,0,0
2025-07-06T21:44:53.896452,0x2,sw2,0,0,0.0,0,0,0
2025-07-06T21:44:54.998127,0x1,sw1,0,0,0.0,0,0,0
2025-07-06T21:44:54.998127,0x2,sw2,0,0,0.0,0,0,0
2025-07-06T21:44:56.096107,0x1,sw1,0,0,0.0,0,0,0
2025-07-06T21:44:56.096107,0x2,sw2,0,0,0.0,0,0,0
2025-07-06T21:44:57.197050,0x1,sw1,0,0,0.0,0,0,0
2025-07-06T21:44:57.197050,0x2,sw2,0,0,0.0,0,0,0
2025-07-06T21:44:58.304785,0x1,sw1,0,0,0.0,0,0,0
2025-07-06T21:44:58.304785,0x2,sw2,0,0,0.0,0,0,0
2025-07-06T21:44:59.448738,0x1,sw1,0,0,0.0,0,0,0
2025-07-06T21:44:59.448738,0x2,sw2,0,0,0.0,0,0,0
2025-07-06T21:45:00.554612,0x1,sw1,0,0,0.0,0,0,0
2025-07-06T21:45:00.554612,0x2,sw2,0,0,0.0,0,0,0
2025-07-06T21:45:01.684760,0x1,sw1,0,0,0.0,0,0,0
2025-07-06T21:45:01.684760,0x2,sw2,0,0,0.0,0,0,0
2025-07-06T21:45:02.835837,0x1,sw1,0,0,0.0,0,0,0
2025-07-06T21:45:02.835837,0x2,sw2,0,0,0.0,0,0,0
2025-07-06T21:45:03.939230,0x1,sw1,0,0,0.0,0,0,0
2025-07-06T21:45:03.939230,0x2,sw2,0,0,0.0,0,0,0
2025-07-06T21:45:05.061704,0x1,sw1,0,0,0.0,0,0,0
2025-07-06T21:45:05.061704,0x2,sw2,0,0,0.0,0,0,0
2025-07-06T21:45:06.182285,0x1,sw1,0,0,0.0,0,0,0
2025-07-06T21:45:06.182285,0x2,sw2,0,0,0.0,0,0,0
2025-07-06T21:45:07.356301,0x1,sw1,0,0,0.0,0,0,0
2025-07-06T21:45:07.356301,0x2,sw2,0,0,0.0,0,0,0
2025-07-06T21:45:08.441694,0x1,sw1,0,0,0.0,0,0,0
2025-07-06T21:45:08.441694,0x2,sw2,0,0,0.0,0,0,0
2025-07-06T21:45:09.598307,0x1,sw1,0,0,0.0,0,0,0
2025-07-06T21:45:09.598307,0x2,sw2,0,0,0.0,0,0,0
2025-07-06T21:45:10.769290,0x1,sw1,0,0,0.0,0,0,0
2025-07-06T21:45:10.769290,0x2,sw2,0,0,0.0,0,0,0
2025-07-06T21:45:11.894973,0x1,sw1,0,0,0.0,0,0,0
2025-07-06T21:45:11.894973,0x2,sw2,0,0,0.0,0,0,0
2025-07-06T21:45:13.097653,0x1,sw1,0,0,0.0,0,0,0
2025-07-06T21:45:13.097653,0x2,sw2,0,0,0.0,0,0,0
2025-07-06T21:45:14.229751,0x1,sw1,0,0,0.0,0,0,0
2025-07-06T21:45:14.229751,0x2,sw2,0,0,0.0,0,0,0
2025-07-06T21:45:15.365609,0x1,sw1,0,0,0.0,0,0,0
2025-07-06T21:45:15.365609,0x2,sw2,0,0,0.0,0,0,0
2025-07-06T21:45:16.439483,0x1,sw1,0,0,0.0,0,0,0
2025-07-06T21:45:16.439483,0x2,sw2,0,0,0.0,0,0,0
2025-07-06T21:45:17.511510,0x1,sw1,0,0,0.0,0,0,0
2025-07-06T21:45:17.511510,0x2,sw2,0,0,0.0,0,0,0
2025-07-06T21:45:18.589362,0x1,sw1,0,0,0.0,0,0,0
2025-07-06T21:45:18.589362,0x2,sw2,0,0,0.0,0,0,0
2025-07-06T21:45:19.636648,0x1,sw1,0,0,0.0,0,0,0
2025-07-06T21:45:19.636648,0x2,sw2,0,0,0.0,0,0,0
2025-07-06T21:45:20.719819,0x1,sw1,0,0,0.0,0,0,0
2025-07-06T21:45:20.719819,0x2,sw2,0,0,0.0,0,0,0
2025-07-06T21:45:21.754103,0x1,sw1,0,0,0.0,0,0,0
2025-07-06T21:45:21.754103,0x2,sw2,0,0,0.0,0,0,0
2025-07-06T21:45:22.814057,0x1,sw1,0,0,0.0,0,0,0
2025-07-06T21:45:22.814057,0x2,sw2,0,0,0.0,0,0,0
2025-07-06T21:45:23.962018,0x1,sw1,0,0,0.0,0,0,0
2025-07-06T21:45:23.962018,0x2,sw2,0,0,0.0,0,0,0
2025-07-06T21:45:25.031907,0x1,sw1,0,0,0.0,0,0,0
2025-07-06T21:45:25.031907,0x2,sw2,0,0,0.0,0,0,0
2025-07-06T21:45:26.098196,0x1,sw1,0,0,0.0,0,0,0
2025-07-06T21:45:26.098196,0x2,sw2,0,0,0.0,0,0,0
2025-07-06T21:45:27.164718,0x1,sw1,0,0,0.0,0,0,0
2025-07-06T21:45:27.164718,0x2,sw2,0,0,0.0,0,0,0
2025-07-06T21:45:28.272693,0x1,sw1,0,0,0.0,0,0,0
2025-07-06T21:45:28.272693,0x2,sw2,0,0,0.0,0,0,0
2025-07-06T21:45:29.364110,0x1,sw1,0,0,0.0,0,0,0
2025-07-06T21:45:29.364110,0x2,sw2,0,0,0.0,0,0,0
2025-07-06T21:45:30.464076,0x1,sw1,0,0,0.0,0,0,0
2025-07-06T21:45:30.464076,0x2,sw2,0,0,0.0,0,0,0
2025-07-06T21:45:31.575261,0x1,sw1,0,0,0.0,0,0,0
2025-07-06T21:45:31.575261,0x2,sw2,0,0,0.0,0,0,0
2025-07-06T21:45:32.682475,0x1,sw1,0,0,0.0,0,0,0
2025-07-06T21:45:32.682475,0x2,sw2,0,0,0.0,0,0,0
2025-07-06T21:45:33.828390,0x1,sw1,0,0,0.0,0,0,0
2025-07-06T21:45:33.828390,0x2,sw2,0,0,0.0,0,0,0
2025-07-06T21:45:34.871251,0x1,sw1,0,0,0.0,0,0,0
2025-07-06T21:45:34.871251,0x2,sw2,0,0,0.0,0,0,0
2025-07-06T21:45:35.936118,0x1,sw1,0,0,0.0,0,0,0
2025-07-06T21:45:35.936118,0x2,sw2,0,0,0.0,0,0,0
2025-07-06T21:45:37.016913,0x1,sw1,0,0,0.0,0,0,0
2025-07-06T21:45:37.016913,0x2,sw2,0,0,0.0,0,0,0
2025-07-06T21:45:38.113553,0x1,sw1,0,0,0.0,0,0,0
2025-07-06T21:45:38.113553,0x2,sw2,0,0,0.0,0,0,0
2025-07-06T21:45:39.211233,0x1,sw1,0,0,0.0,0,0,0
2025-07-06T21:45:39.211233,0x2,sw2,0,0,0.0,0,0,0
2025-07-06T21:45:40.310035,0x1,sw1,0,0,0.0,0,0,0
2025-07-06T21:45:40.310035,0x2,sw2,0,0,0.0,0,0,0
2025-07-06T21:45:41.431446,0x1,sw1,0,0,0.0,0,0,0
2025-07-06T21:45:41.431446,0x2,sw2,0,0,0.0,0,0,0
2025-07-06T21:45:42.499811,0x1,sw1,0,0,0.0,0,0,0
2025-07-06T21:45:42.499811,0x2,sw2,0,0,0.0,0,0,0
2025-07-06T21:45:43.587663,0x1,sw1,0,0,0.0,0,0,0
2025-07-06T21:45:43.587663,0x2,sw2,0,0,0.0,0,0,0
2025-07-06T21:45:44.668080,0x1,sw1,0,0,0.0,0,0,0
2025-07-06T21:45:44.668080,0x2,sw2,0,0,0.0,0,0,0
2025-07-06T21:45:45.866394,0x1,sw1,0,0,0.0,0,0,0
2025-07-06T21:45:45.866394,0x2,sw2,0,0,0.0,0,0,0
2025-07-06T21:45:46.937773,0x1,sw1,0,0,0.0,0,0,0
2025-07-06T21:45:46.937773,0x2,sw2,0,0,0.0,0,0,0
2025-07-06T21:45:48.001627,0x1,sw1,0,0,0.0,0,0,0
2025-07-06T21:45:48.001627,0x2,sw2,0,0,0.0,0,0,0
2025-07-06T21:45:49.083796,0x1,sw1,0,0,0.0,0,0,0
2025-07-06T21:45:49.083796,0x2,sw2,0,0,0.0,0,0,0
2025-07-06T21:45:50.207771,0x1,sw1,0,0,0.0,0,0,0
2025-07-06T21:45:50.207771,0x2,sw2,0,0,0.0,0,0,0
2025-07-06T21:45:51.246522,0x1,sw1,0,0,0.0,0,0,0
2025-07-06T21:45:51.246522,0x2,sw2,0,0,0.0,0,0,0
2025-07-06T21:45:52.354562,0x1,sw1,0,0,0.0,0,0,0
2025-07-06T21:45:52.354562,0x2,sw2,0,0,0.0,0,0,0
2025-07-06T21:45:53.409849,0x1,sw1,0,0,0.0,0,0,0
2025-07-06T21:45:53.409849,0x2,sw2,0,0,0.0,0,0,0
2025-07-06T21:45:54.538641,0x1,sw1,0,0,0.0,0,0,0
2025-07-06T21:45:54.538641,0x2,sw2,0,0,0.0,0,0,0
2025-07-06T21:45:55.694140,0x1,sw1,0,0,0.0,0,0,0
2025-07-06T21:45:55.694140,0x2,sw2,0,0,0.0,0,0,0
2025-07-06T21:45:56.801085,0x1,sw1,0,0,0.0,0,0,0
2025-07-06T21:45:56.801085,0x2,sw2,0,0,0.0,0,0,0
2025-07-06T21:45:57.972463,0x1,sw1,0,0,0.0,0,0,0
2025-07-06T21:45:57.972463,0x2,sw2,0,0,0.0,0,0,0
2025-07-06T21:45:59.075317,0x1,sw1,0,0,0.0,0,0,0
2025-07-06T21:45:59.075317,0x2,sw2,0,0,0.0,0,0,0
2025-07-06T21:46:00.161615,0x1,sw1,0,0,0.0,0,0,0
2025-07-06T21:46:00.161615,0x2,sw2,0,0,0.0,0,0,0
2025-07-06T21:46:01.243002,0x1,sw1,0,0,0.0,0,0,0
2025-07-06T21:46:01.243002,0x2,sw2,0,0,0.0,0,0,0
2025-07-07T12:38:21.153096,0x1,sw1,0,0,2.0,0,0,0
2025-07-07T12:38:21.153096,0x2,sw2,0,0,0.0,0,0,0
2025-07-07T12:38:31.359940,0x1,sw1,0,0,0.0,0,0,0
2025-07-07T12:38:31.359940,0x2,sw2,0,0,0.0,0,0,0
2025-07-07T12:38:41.458285,0x1,sw1,0,0,0.0,0,0,0
2025-07-07T12:38:41.458285,0x2,sw2,0,0,0.0,0,0,0
2025-07-07T12:38:51.569473,0x1,sw1,0,0,0.0,0,0,0
2025-07-07T12:38:51.569473,0x2,sw2,0,0,0.0,0,0,0
2025-07-07T12:39:01.711318,0x1,sw1,0,0,0.0,0,0,0
2025-07-07T12:39:01.711318,0x2,sw2,0,0,0.0,0,0,0
2025-07-07T12:39:11.816863,0x1,sw1,0,0,0.0,0,0,0
2025-07-07T12:39:11.816863,0x2,sw2,0,0,0.0,0,0,0
2025-07-07T12:39:21.913216,0x1,sw1,0,0,0.0,0,0,0
2025-07-07T12:39:21.913216,0x2,sw2,0,0,0.0,0,0,0
2025-07-07T12:39:32.231822,0x1,sw1,0,0,0.0,0,0,0
2025-07-07T12:39:32.231822,0x2,sw2,0,0,0.0,0,0,0
2025-07-07T12:39:42.338930,0x1,sw1,0,0,0.0,0,0,0
2025-07-07T12:39:42.338930,0x2,sw2,0,0,0.0,0,0,0
2025-07-07T12:39:52.524408,0x1,sw1,0,0,0.0,0,0,0
2025-07-07T12:39:52.524408,0x2,sw2,0,0,0.0,0,0,0
2025-07-07T12:40:02.717111,0x1,sw1,0,0,0.0,0,0,0
2025-07-07T12:40:02.717111,0x2,sw2,0,0,0.0,0,0,0
2025-07-07T12:40:12.948565,0x1,sw1,0,0,0.0,0,0,0
2025-07-07T12:40:12.948565,0x2,sw2,0,0,0.0,0,0,0
2025-07-07T12:40:23.005418,0x1,sw1,0,0,0.0,0,0,0
2025-07-07T12:40:23.005418,0x2,sw2,0,0,0.0,0,0,0
2025-07-07T12:40:33.228384,0x1,sw1,0,0,0.0,0,0,0
2025-07-07T12:40:33.228384,0x2,sw2,0,0,0.0,0,0,0
2025-07-07T12:40:43.316932,0x1,sw1,0,0,0.0,0,0,0
2025-07-07T12:40:43.316932,0x2,sw2,0,0,0.0,0,0,0
2025-07-07T12:40:53.489022,0x1,sw1,0,0,0.0,0,0,0
2025-07-07T12:40:53.489022,0x2,sw2,0,0,0.0,0,0,0
2025-07-07T12:41:03.610371,0x1,sw1,0,0,0.0,0,0,0
2025-07-07T12:41:03.610371,0x2,sw2,0,0,0.0,0,0,0
2025-07-07T12:41:13.699852,0x1,sw1,0,0,0.0,0,0,0
2025-07-07T12:41:13.699852,0x2,sw2,0,0,0.0,0,0,0
2025-07-07T12:41:23.821993,0x1,sw1,0,0,0.0,0,0,0
2025-07-07T12:41:23.821993,0x2,sw2,0,0,0.0,0,0,0
2025-07-07T12:41:33.960540,0x1,sw1,0,0,0.0,0,0,0
2025-07-07T12:41:33.960540,0x2,sw2,0,0,0.0,0,0,0
2025-07-07T12:41:44.094186,0x1,sw1,0,0,0.0,0,0,0
2025-07-07T12:41:44.094186,0x2,sw2,0,0,0.0,0,0,0
2025-07-07T12:41:54.208272,0x1,sw1,0,0,0.0,0,0,0
2025-07-07T12:41:54.208272,0x2,sw2,0,0,0.0,0,0,0
2025-07-07T12:42:04.276945,0x1,sw1,0,0,0.0,0,0,0
2025-07-07T12:42:04.276945,0x2,sw2,0,0,0.0,0,0,0
2025-07-07T12:42:14.432420,0x1,sw1,0,0,0.0,0,0,0
2025-07-07T12:42:14.432420,0x2,sw2,0,0,0.0,0,0,0
2025-07-07T12:42:24.592439,0x1,sw1,0,0,0.0,0,0,0
2025-07-07T12:42:24.592439,0x2,sw2,0,0,0.0,0,0,0
2025-07-07T12:42:34.759024,0x1,sw1,0,0,0.0,0,0,0
2025-07-07T12:42:34.759024,0x2,sw2,0,0,0.0,0,0,0
2025-07-07T12:42:44.918377,0x1,sw1,0,0,0.0,0,0,0
2025-07-07T12:42:44.918377,0x2,sw2,0,0,0.0,0,0,0
2025-07-07T12:42:55.067560,0x1,sw1,0,0,0.0,0,0,0
2025-07-07T12:42:55.067560,0x2,sw2,0,0,0.0,0,0,0
2025-07-07T12:43:05.275716,0x1,sw1,0,0,0.0,0,0,0
2025-07-07T12:43:05.275716,0x2,sw2,0,0,0.0,0,0,0
2025-07-07T12:43:15.503989,0x1,sw1,0,0,0.0,0,0,0
2025-07-07T12:43:15.503989,0x2,sw2,0,0,0.0,0,0,0
2025-07-07T12:43:25.628081,0x1,sw1,0,0,0.0,0,0,0
2025-07-07T12:43:25.628081,0x2,sw2,0,0,0.0,0,0,0
2025-07-07T12:43:35.821692,0x1,sw1,0,0,0.0,0,0,0
2025-07-07T12:43:35.821692,0x2,sw2,0,0,0.0,0,0,0
2025-07-07T12:43:45.933796,0x1,sw1,0,0,0.0,0,0,0
2025-07-07T12:43:45.933796,0x2,sw2,0,0,0.0,0,0,0
2025-07-07T12:43:56.075451,0x1,sw1,0,0,0.0,0,0,0
2025-07-07T12:43:56.075451,0x2,sw2,0,0,0.0,0,0,0
2025-07-07T12:44:06.110825,0x1,sw1,0,0,0.0,0,0,0
2025-07-07T12:44:06.110825,0x2,sw2,0,0,0.0,0,0,0
2025-07-07T12:44:16.297955,0x1,sw1,0,0,0.0,0,0,0
2025-07-07T12:44:16.297955,0x2,sw2,0,0,0.0,0,0,0
2025-07-07T12:44:26.426708,0x1,sw1,0,0,0.0,0,0,0
2025-07-07T12:44:26.426708,0x2,sw2,0,0,0.0,0,0,0
2025-07-07T12:44:36.688704,0x1,sw1,0,0,0.0,0,0,0
2025-07-07T12:44:36.688704,0x2,sw2,0,0,0.0,0,0,0
2025-07-07T12:44:46.820060,0x1,sw1,0,0,0.0,0,0,0
2025-07-07T12:44:46.820060,0x2,sw2,0,0,0.0,0,0,0
2025-07-07T12:44:56.944660,0x1,sw1,0,0,0.0,0,0,0
2025-07-07T12:44:56.944660,0x2,sw2,0,0,0.0,0,0,0
2025-07-07T12:45:06.982874,0x1,sw1,0,0,0.0,0,0,0
2025-07-07T12:45:06.982874,0x2,sw2,0,0,0.0,0,0,0
2025-07-07T12:45:17.007469,0x1,sw1,0,0,0.0,0,0,0
2025-07-07T12:45:17.007469,0x2,sw2,0,0,0.0,0,0,0
2025-07-07T12:45:27.069279,0x1,sw1,0,0,0.0,0,0,0
2025-07-07T12:45:27.069279,0x2,sw2,0,0,0.0,0,0,0
2025-07-07T12:45:37.126250,0x1,sw1,0,0,0.0,0,0,0
2025-07-07T12:45:37.126250,0x2,sw2,0,0,0.0,0,0,0
2025-07-07T12:45:47.207573,0x1,sw1,0,0,0.0,0,0,0
2025-07-07T12:45:47.207573,0x2,sw2,0,0,0.0,0,0,0
2025-07-07T12:45:57.313430,0x1,sw1,0,0,0.0,0,0,0
2025-07-07T12:45:57.313430,0x2,sw2,0,0,0.0,0,0,0
2025-07-07T12:46:07.383910,0x1,sw1,0,0,0.0,0,0,0
2025-07-07T12:46:07.383910,0x2,sw2,0,0,0.0,0,0,0
2025-07-07T12:46:17.565833,0x1,sw1,0,0,0.0,0,0,0
2025-07-07T12:46:17.565833,0x2,sw2,0,0,0.0,0,0,0
2025-07-07T12:46:27.708034,0x1,sw1,0,0,0.0,0,0,0
2025-07-07T12:46:27.708034,0x2,sw2,0,0,0.0,0,0,0
2025-07-07T12:46:37.815150,0x1,sw1,0,0,0.0,0,0,0
2025-07-07T12:46:37.815150,0x2,sw2,0,0,0.0,0,0,0
2025-07-07T12:46:47.927339,0x1,sw1,0,0,0.0,0,0,0
2025-07-07T12:46:47.927339,0x2,sw2,0,0,0.0,0,0,0
2025-07-07T12:46:58.150622,0x1,sw1,0,0,0.0,0,0,0
2025-07-07T12:46:58.150622,0x2,sw2,0,0,0.0,0,0,0
2025-07-07T12:47:08.265194,0x1,sw1,0,0,0.0,0,0,0
2025-07-07T12:47:08.265194,0x2,sw2,0,0,0.0,0,0,0
2025-07-07T12:47:18.411575,0x1,sw1,0,0,0.0,0,0,0
2025-07-07T12:47:18.411575,0x2,sw2,0,0,0.0,0,0,0
2025-07-07T12:47:28.494789,0x1,sw1,0,0,0.0,0,0,0
2025-07-07T12:47:28.494789,0x2,sw2,0,0,0.0,0,0,0
2025-07-07T12:47:38.603954,0x1,sw1,0,0,0.0,0,0,0
2025-07-07T12:47:38.603954,0x2,sw2,0,0,0.0,0,0,0
2025-07-07T12:47:48.798075,0x1,sw1,0,0,0.0,0,0,0
2025-07-07T12:47:48.798075,0x2,sw2,0,0,0.0,0,0,0
2025-07-07T12:47:58.877869,0x1,sw1,0,0,1.0,0,0,0
2025-07-07T12:47:58.877869,0x2,sw2,0,0,0.0,0,0,0
2025-07-07T12:48:09.070159,0x1,sw1,0,0,0.0,0,0,0
2025-07-07T12:48:09.070159,0x2,sw2,0,0,0.0,0,0,0
2025-07-07T12:48:19.191313,0x1,sw1,0,0,1.0,0,0,0
2025-07-07T12:48:19.191313,0x2,sw2,0,0,0.0,0,0,0
2025-07-07T12:48:29.267462,0x1,sw1,0,0,0.0,0,0,0
2025-07-07T12:48:29.267462,0x2,sw2,0,0,0.0,0,0,0
2025-07-07T12:48:39.508418,0x1,sw1,0,0,0.0,0,0,0
2025-07-07T12:48:39.508418,0x2,sw2,0,0,0.0,0,0,0
2025-07-07T12:48:49.637121,0x1,sw1,0,0,0.0,0,0,0
2025-07-07T12:48:49.637121,0x2,sw2,0,0,0.0,0,0,0
2025-07-07T12:48:59.681139,0x1,sw1,0,0,0.0,0,0,0
2025-07-07T12:48:59.681139,0x2,sw2,0,0,0.0,0,0,0
2025-07-07T12:49:09.808108,0x1,sw1,0,0,0.0,0,0,0
2025-07-07T12:49:09.808108,0x2,sw2,0,0,0.0,0,0,0
2025-07-07T12:49:19.851368,0x1,sw1,0,0,0.0,0,0,0
2025-07-07T12:49:19.851368,0x2,sw2,0,0,0.0,0,0,0
2025-07-07T12:49:29.942666,0x1,sw1,0,0,0.0,0,0,0
2025-07-07T12:49:29.942666,0x2,sw2,0,0,0.0,0,0,0
2025-07-07T12:49:40.051320,0x1,sw1,0,0,0.0,0,0,0
2025-07-07T12:49:40.051320,0x2,sw2,0,0,0.0,0,0,0
2025-07-07T12:49:50.179056,0x1,sw1,0,0,0.0,0,0,0
2025-07-07T12:49:50.179056,0x2,sw2,0,0,0.0,0,0,0
2025-07-07T12:50:00.240656,0x1,sw1,0,0,0.0,0,0,0
2025-07-07T12:50:00.240656,0x2,sw2,0,0,0.0,0,0,0
2025-07-07T12:50:10.297629,0x1,sw1,0,0,0.0,0,0,0
2025-07-07T12:50:10.297629,0x2,sw2,0,0,0.0,0,0,0
2025-07-07T12:50:20.411370,0x1,sw1,0,0,0.0,0,0,0
2025-07-07T12:50:20.411370,0x2,sw2,0,0,0.0,0,0,0
2025-07-07T12:50:30.621869,0x1,sw1,0,0,0.0,0,0,0
2025-07-07T12:50:30.621869,0x2,sw2,0,0,0.0,0,0,0
2025-07-07T12:50:40.857683,0x1,sw1,0,0,0.0,0,0,0
2025-07-07T12:50:40.857683,0x2,sw2,0,0,0.0,0,0,0
2025-07-07T12:50:50.987706,0x1,sw1,0,0,0.0,0,0,0
2025-07-07T12:50:50.987706,0x2,sw2,0,0,0.0,0,0,0
2025-07-07T12:51:01.136944,0x1,sw1,0,0,0.0,0,0,0
2025-07-07T12:51:01.136944,0x2,sw2,0,0,0.0,0,0,0
2025-07-07T12:51:11.258407,0x1,sw1,0,0,0.0,0,0,0
2025-07-07T12:51:11.258407,0x2,sw2,0,0,0.0,0,0,0
2025-07-07T12:51:21.393561,0x1,sw1,0,0,0.0,0,0,0
2025-07-07T12:51:21.393561,0x2,sw2,0,0,0.0,0,0,0
2025-07-07T12:51:31.564533,0x1,sw1,0,0,0.0,0,0,0
2025-07-07T12:51:31.564533,0x2,sw2,0,0,0.0,0,0,0
2025-07-07T12:51:41.666880,0x1,sw1,0,0,0.0,0,0,0
2025-07-07T12:51:41.666880,0x2,sw2,0,0,0.0,0,0,0
2025-07-07T12:51:51.766257,0x1,sw1,0,0,0.0,0,0,0
2025-07-07T12:51:51.766257,0x2,sw2,0,0,0.0,0,0,0
2025-07-07T12:52:01.898260,0x1,sw1,0,0,0.0,0,0,0
2025-07-07T12:52:01.898260,0x2,sw2,0,0,0.0,0,0,0
2025-07-07T12:52:12.046823,0x1,sw1,0,0,1.0,0,0,0
2025-07-07T12:52:12.046823,0x2,sw2,0,0,0.0,0,0,0
2025-07-07T12:52:22.151485,0x1,sw1,0,0,0.0,0,0,0
2025-07-07T12:52:22.151485,0x2,sw2,0,0,0.0,0,0,0
2025-07-07T12:52:32.271160,0x1,sw1,0,0,0.0,0,0,0
2025-07-07T12:52:32.271160,0x2,sw2,0,0,0.0,0,0,0
2025-07-07T12:52:42.365176,0x1,sw1,0,0,0.0,0,0,0
2025-07-07T12:52:42.365176,0x2,sw2,0,0,0.0,0,0,0
2025-07-07T12:52:52.468618,0x1,sw1,0,0,0.0,0,0,0
2025-07-07T12:52:52.468618,0x2,sw2,0,0,0.0,0,0,0
2025-07-07T12:53:02.685491,0x1,sw1,0,0,0.0,0,0,0
2025-07-07T12:53:02.685491,0x2,sw2,0,0,0.0,0,0,0
2025-07-07T12:53:12.765581,0x1,sw1,0,0,0.0,0,0,0
2025-07-07T12:53:12.765581,0x2,sw2,0,0,0.0,0,0,0
2025-07-07T12:53:22.913728,0x1,sw1,0,0,0.0,0,0,0
2025-07-07T12:53:22.913728,0x2,sw2,0,0,0.0,0,0,0
2025-07-07T12:53:33.046832,0x1,sw1,0,0,0.0,0,0,0
2025-07-07T12:53:33.046832,0x2,sw2,0,0,0.0,0,0,0
2025-07-07T12:53:43.159461,0x1,sw1,0,0,0.0,0,0,0
2025-07-07T12:53:43.159461,0x2,sw2,0,0,0.0,0,0,0
2025-07-07T12:53:53.255569,0x1,sw1,0,0,0.0,0,0,0
2025-07-07T12:53:53.255569,0x2,sw2,0,0,0.0,0,0,0
2025-07-07T12:54:03.387484,0x1,sw1,0,0,0.0,0,0,0
2025-07-07T12:54:03.387484,0x2,sw2,0,0,0.0,0,0,0
2025-07-07T12:54:13.490221,0x1,sw1,0,0,0.0,0,0,0
2025-07-07T12:54:13.490221,0x2,sw2,0,0,0.0,0,0,0
2025-07-07T12:54:23.665335,0x1,sw1,0,0,0.0,0,0,0
2025-07-07T12:54:23.665335,0x2,sw2,0,0,0.0,0,0,0
2025-07-07T12:54:33.752293,0x1,sw1,0,0,0.0,0,0,0
2025-07-07T12:54:33.752293,0x2,sw2,0,0,0.0,0,0,0
2025-07-07T12:54:43.889356,0x1,sw1,0,0,0.0,0,0,0
2025-07-07T12:54:43.889356,0x2,sw2,0,0,0.0,0,0,0
2025-07-07T12:54:53.978960,0x1,sw1,0,0,0.0,0,0,0
2025-07-07T12:54:53.978960,0x2,sw2,0,0,0.0,0,0,0
2025-07-07T12:55:04.074604,0x1,sw1,0,0,0.0,0,0,0
2025-07-07T12:55:04.074604,0x2,sw2,0,0,0.0,0,0,0
2025-07-07T12:55:14.216838,0x1,sw1,0,0,0.0,0,0,0
2025-07-07T12:55:14.216838,0x2,sw2,0,0,0.0,0,0,0
2025-07-07T12:55:24.386741,0x1,sw1,0,0,0.0,0,0,0
2025-07-07T12:55:24.386741,0x2,sw2,0,0,0.0,0,0,0
2025-07-07T12:55:34.499889,0x1,sw1,0,0,0.0,0,0,0
2025-07-07T12:55:34.499889,0x2,sw2,0,0,0.0,0,0,0
2025-07-07T12:55:44.921843,0x1,sw1,0,0,0.0,0,0,0
2025-07-07T12:55:44.921843,0x2,sw2,0,0,0.0,0,0,0
2025-07-07T12:55:55.021137,0x1,sw1,0,0,0.0,0,0,0
2025-07-07T12:55:55.021137,0x2,sw2,0,0,0.0,0,0,0
2025-07-07T12:56:05.196701,0x1,sw1,0,0,0.0,0,0,0
2025-07-07T12:56:05.196701,0x2,sw2,0,0,0.0,0,0,0
2025-07-07T12:56:15.293127,0x1,sw1,0,0,0.0,0,0,0
2025-07-07T12:56:15.293127,0x2,sw2,0,0,0.0,0,0,0
2025-07-07T12:56:25.516123,0x1,sw1,0,0,0.0,0,0,0
2025-07-07T12:56:25.516123,0x2,sw2,0,0,0.0,0,0,0
2025-07-07T12:56:35.598159,0x1,sw1,0,0,0.0,0,0,0
2025-07-07T12:56:35.598159,0x2,sw2,0,0,0.0,0,0,0
2025-07-07T12:56:45.753953,0x1,sw1,0,0,0.0,0,0,0
2025-07-07T12:56:45.753953,0x2,sw2,0,0,0.0,0,0,0
2025-07-07T12:56:55.934604,0x1,sw1,0,0,0.0,0,0,0
2025-07-07T12:56:55.934604,0x2,sw2,0,0,0.0,0,0,0
2025-07-07T12:57:06.057579,0x1,sw1,0,0,0.0,0,0,0
2025-07-07T12:57:06.057579,0x2,sw2,0,0,0.0,0,0,0
2025-07-07T12:57:16.130304,0x1,sw1,0,0,0.0,0,0,0
2025-07-07T12:57:16.130304,0x2,sw2,0,0,0.0,0,0,0
2025-07-07T12:57:26.255763,0x1,sw1,0,0,0.0,0,0,0
2025-07-07T12:57:26.255763,0x2,sw2,0,0,0.0,0,0,0
2025-07-07T12:57:36.354802,0x1,sw1,0,0,2.0,0,0,0
2025-07-07T12:57:36.354802,0x2,sw2,0,0,0.0,0,0,0
2025-07-07T12:57:46.489642,0x1,sw1,0,0,0.0,0,0,0
2025-07-07T12:57:46.489642,0x2,sw2,0,0,0.0,0,0,0
2025-07-07T12:57:56.615520,0x1,sw1,0,0,0.0,0,0,0
2025-07-07T12:57:56.615520,0x2,sw2,0,0,0.0,0,0,0
2025-07-07T12:58:06.846045,0x1,sw1,0,0,0.0,0,0,0
2025-07-07T12:58:06.846045,0x2,sw2,0,0,0.0,0,0,0
2025-07-07T12:58:17.013294,0x1,sw1,0,0,0.0,0,0,0
2025-07-07T12:58:17.013294,0x2,sw2,0,0,0.0,0,0,0
2025-07-07T12:58:27.118885,0x1,sw1,0,0,0.0,0,0,0
2025-07-07T12:58:27.118885,0x2,sw2,0,0,0.0,0,0,0
2025-07-07T12:58:37.248105,0x1,sw1,0,0,0.0,0,0,0
2025-07-07T12:58:37.248105,0x2,sw2,0,0,0.0,0,0,0
2025-07-07T12:58:47.466024,0x1,sw1,0,0,0.0,0,0,0
2025-07-07T12:58:47.466024,0x2,sw2,0,0,0.0,0,0,0
2025-07-07T12:58:57.589636,0x1,sw1,0,0,0.0,0,0,0
2025-07-07T12:58:57.589636,0x2,sw2,0,0,0.0,0,0,0
2025-07-07T12:59:07.687073,0x1,sw1,0,0,0.0,0,0,0
2025-07-07T12:59:07.687073,0x2,sw2,0,0,0.0,0,0,0
2025-07-07T12:59:17.830126,0x1,sw1,0,0,0.0,0,0,0
2025-07-07T12:59:17.830126,0x2,sw2,0,0,0.0,0,0,0
2025-07-07T12:59:27.882739,0x1,sw1,0,0,0.0,0,0,0
2025-07-07T12:59:27.882739,0x2,sw2,0,0,0.0,0,0,0
2025-07-07T12:59:37.995355,0x1,sw1,0,0,0.0,0,0,0
2025-07-07T12:59:37.995355,0x2,sw2,0,0,0.0,0,0,0
2025-07-07T12:59:48.132601,0x1,sw1,0,0,0.0,0,0,0
2025-07-07T12:59:48.132601,0x2,sw2,0,0,0.0,0,0,0
2025-07-07T12:59:58.358533,0x1,sw1,0,0,0.0,0,0,0
2025-07-07T12:59:58.358533,0x2,sw2,0,0,0.0,0,0,0
2025-07-07T13:00:08.433509,0x1,sw1,0,0,0.0,0,0,0
2025-07-07T13:00:08.433509,0x2,sw2,0,0,0.0,0,0,0
2025-07-07T13:00:18.560440,0x1,sw1,0,0,0.0,0,0,0
2025-07-07T13:00:18.560440,0x2,sw2,0,0,0.0,0,0,0
2025-07-07T13:00:28.657147,0x1,sw1,0,0,0.0,0,0,0
2025-07-07T13:00:28.657147,0x2,sw2,0,0,0.0,0,0,0
2025-07-07T13:00:38.774504,0x1,sw1,0,0,0.0,0,0,0
2025-07-07T13:00:38.774504,0x2,sw2,0,0,0.0,0,0,0
2025-07-07T13:00:48.853813,0x1,sw1,0,0,0.0,0,0,0
2025-07-07T13:00:48.853813,0x2,sw2,0,0,0.0,0,0,0
2025-07-07T13:00:58.978752,0x1,sw1,0,0,0.0,0,0,0
2025-07-07T13:00:58.978752,0x2,sw2,0,0,0.0,0,0,0
2025-07-07T13:01:09.034730,0x1,sw1,0,0,0.0,0,0,0
2025-07-07T13:01:09.034730,0x2,sw2,0,0,0.0,0,0,0
2025-07-07T13:01:19.082919,0x1,sw1,0,0,0.0,0,0,0
2025-07-07T13:01:19.082919,0x2,sw2,0,0,0.0,0,0,0
2025-07-07T13:01:29.183128,0x1,sw1,0,0,0.0,0,0,0
2025-07-07T13:01:29.183128,0x2,sw2,0,0,0.0,0,0,0
2025-07-07T13:01:39.260972,0x1,sw1,0,0,0.0,0,0,0
2025-07-07T13:01:39.260972,0x2,sw2,0,0,0.0,0,0,0
2025-07-07T13:01:49.500629,0x1,sw1,0,0,0.0,0,0,0
2025-07-07T13:01:49.500629,0x2,sw2,0,0,0.0,0,0,0
2025-07-07T13:01:59.636501,0x1,sw1,0,0,0.0,0,0,0
2025-07-07T13:01:59.636501,0x2,sw2,0,0,0.0,0,0,0
2025-07-07T13:02:09.747975,0x1,sw1,0,0,0.0,0,0,0
2025-07-07T13:02:09.747975,0x2,sw2,0,0,0.0,0,0,0
2025-07-07T13:02:19.803631,0x1,sw1,0,0,0.0,0,0,0
2025-07-07T13:02:19.803631,0x2,sw2,0,0,0.0,0,0,0
2025-07-07T13:02:29.936701,0x1,sw1,0,0,0.0,0,0,0
2025-07-07T13:02:29.936701,0x2,sw2,0,0,0.0,0,0,0
2025-07-07T13:02:39.973182,0x1,sw1,0,0,0.0,0,0,0
2025-07-07T13:02:39.973182,0x2,sw2,0,0,0.0,0,0,0
2025-07-07T13:02:50.010417,0x1,sw1,0,0,0.0,0,0,0
2025-07-07T13:02:50.010417,0x2,sw2,0,0,0.0,0,0,0
2025-07-07T13:03:00.072074,0x1,sw1,0,0,0.0,0,0,0
2025-07-07T13:03:00.072074,0x2,sw2,0,0,0.0,0,0,0
2025-07-07T13:03:10.230635,0x1,sw1,0,0,0.0,0,0,0
2025-07-07T13:03:10.230635,0x2,sw2,0,0,0.0,0,0,0
2025-07-07T13:03:20.327441,0x1,sw1,0,0,0.0,0,0,0
2025-07-07T13:03:20.327441,0x2,sw2,0,0,0.0,0,0,0
2025-07-07T13:03:30.473130,0x1,sw1,0,0,0.0,0,0,0
2025-07-07T13:03:30.473130,0x2,sw2,0,0,0.0,0,0,0
2025-07-07T13:03:40.599916,0x1,sw1,0,0,0.0,0,0,0
2025-07-07T13:03:40.599916,0x2,sw2,0,0,0.0,0,0,0
2025-07-07T13:03:50.714389,0x1,sw1,0,0,0.0,0,0,0
2025-07-07T13:03:50.714389,0x2,sw2,0,0,0.0,0,0,0
2025-07-07T13:04:01.066206,0x1,sw1,0,0,0.0,0,0,0
2025-07-07T13:04:01.066206,0x2,sw2,0,0,0.0,0,0,0
2025-07-07T13:04:11.136667,0x1,sw1,0,0,0.0,0,0,0
2025-07-07T13:04:11.136667,0x2,sw2,0,0,0.0,0,0,0
2025-07-07T13:04:21.193486,0x1,sw1,0,0,0.0,0,0,0
2025-07-07T13:04:21.193486,0x2,sw2,0,0,0.0,0,0,0
2025-07-07T13:04:31.274491,0x1,sw1,0,0,0.0,0,0,0
2025-07-07T13:04:31.274491,0x2,sw2,0,0,0.0,0,0,0
2025-07-07T13:04:41.359032,0x1,sw1,0,0,0.0,0,0,0
2025-07-07T13:04:41.359032,0x2,sw2,0,0,0.0,0,0,0
2025-07-07T13:04:51.454642,0x1,sw1,0,0,0.0,0,0,0
2025-07-07T13:04:51.454642,0x2,sw2,0,0,0.0,0,0,0
2025-07-07T13:05:01.557467,0x1,sw1,0,0,0.0,0,0,0
2025-07-07T13:05:01.557467,0x2,sw2,0,0,0.0,0,0,0
2025-07-07T13:05:11.660923,0x1,sw1,0,0,0.0,0,0,0
2025-07-07T13:05:11.660923,0x2,sw2,0,0,0.0,0,0,0
2025-07-07T13:05:21.758734,0x1,sw1,0,0,0.0,0,0,0
2025-07-07T13:05:21.758734,0x2,sw2,0,0,0.0,0,0,0
2025-07-07T13:05:31.848284,0x1,sw1,0,0,0.0,0,0,0
2025-07-07T13:05:31.848284,0x2,sw2,0,0,0.0,0,0,0
2025-07-07T13:05:42.076080,0x1,sw1,0,0,0.0,0,0,0
2025-07-07T13:05:42.076080,0x2,sw2,0,0,0.0,0,0,0
2025-07-07T13:05:52.131443,0x1,sw1,0,0,0.0,0,0,0
2025-07-07T13:05:52.131443,0x2,sw2,0,0,0.0,0,0,0
2025-07-07T13:06:02.171632,0x1,sw1,0,0,0.0,0,0,0
2025-07-07T13:06:02.171632,0x2,sw2,0,0,0.0,0,0,0
2025-07-07T13:06:12.198031,0x1,sw1,0,0,0.0,0,0,0
2025-07-07T13:06:12.198031,0x2,sw2,0,0,0.0,0,0,0
2025-07-07T13:06:22.219184,0x1,sw1,0,0,0.0,0,0,0
2025-07-07T13:06:22.219184,0x2,sw2,0,0,0.0,0,0,0
2025-07-07T13:06:32.242840,0x1,sw1,0,0,0.0,0,0,0
2025-07-07T13:06:32.242840,0x2,sw2,0,0,0.0,0,0,0
2025-07-07T13:06:42.263523,0x1,sw1,0,0,0.0,0,0,0
2025-07-07T13:06:42.263523,0x2,sw2,0,0,0.0,0,0,0
2025-07-07T13:06:52.287102,0x1,sw1,0,0,0.0,0,0,0
2025-07-07T13:06:52.287102,0x2,sw2,0,0,0.0,0,0,0
2025-07-07T13:07:02.314470,0x1,sw1,0,0,0.0,0,0,0
2025-07-07T13:07:02.314470,0x2,sw2,0,0,0.0,0,0,0
2025-07-07T13:07:12.345024,0x1,sw1,0,0,0.0,0,0,0
2025-07-07T13:07:12.345024,0x2,sw2,0,0,0.0,0,0,0
2025-07-07T13:07:22.359919,0x1,sw1,0,0,0.0,0,0,0
2025-07-07T13:07:22.359919,0x2,sw2,0,0,0.0,0,0,0
2025-07-07T13:07:32.382303,0x1,sw1,0,0,0.0,0,0,0
2025-07-07T13:07:32.382303,0x2,sw2,0,0,0.0,0,0,0
2025-07-07T13:07:42.434287,0x1,sw1,0,0,0.0,0,0,0
2025-07-07T13:07:42.434287,0x2,sw2,0,0,0.0,0,0,0
2025-07-07T13:07:52.475441,0x1,sw1,0,0,0.0,0,0,0
2025-07-07T13:07:52.475441,0x2,sw2,0,0,0.0,0,0,0
2025-07-07T13:08:30.044693,0x1,sw1,0,0,0.0,0,0,0
2025-07-07T13:08:30.044693,0x2,sw2,0,0,0.0,0,0,0
2025-07-07T13:08:40.073674,0x1,sw1,0,0,0.0,0,0,0
2025-07-07T13:08:40.073674,0x2,sw2,0,0,0.0,0,0,0
2025-07-07T13:08:50.098736,0x1,sw1,0,0,0.0,0,0,0
2025-07-07T13:08:50.098736,0x2,sw2,0,0,0.0,0,0,0
2025-07-07T13:09:00.141199,0x1,sw1,0,0,2.0,0,0,0
2025-07-07T13:09:00.141199,0x2,sw2,0,0,0.0,0,0,0
2025-07-07T13:09:10.174462,0x1,sw1,0,0,0.0,0,0,0
2025-07-07T13:09:10.174462,0x2,sw2,0,0,0.0,0,0,0
2025-07-07T13:09:20.200392,0x1,sw1,0,0,0.0,0,0,0
2025-07-07T13:09:20.200392,0x2,sw2,0,0,0.0,0,0,0
2025-07-07T13:09:30.222658,0x1,sw1,0,0,0.0,0,0,0
2025-07-07T13:09:30.222658,0x2,sw2,0,0,0.0,0,0,0
2025-07-07T13:09:40.245222,0x1,sw1,0,0,0.0,0,0,0
2025-07-07T13:09:40.245222,0x2,sw2,0,0,0.0,0,0,0
2025-07-07T13:09:50.268040,0x1,sw1,0,0,0.0,0,0,0
2025-07-07T13:09:50.268040,0x2,sw2,0,0,0.0,0,0,0
2025-07-07T13:10:00.294909,0x1,sw1,0,0,0.0,0,0,0
2025-07-07T13:10:00.294909,0x2,sw2,0,0,0.0,0,0,0
2025-07-07T13:10:10.313257,0x1,sw1,0,0,0.0,0,0,0
2025-07-07T13:10:10.313257,0x2,sw2,0,0,0.0,0,0,0
2025-07-07T13:10:20.335419,0x1,sw1,0,0,0.0,0,0,0
2025-07-07T13:10:20.335419,0x2,sw2,0,0,0.0,0,0,0
2025-07-07T13:10:30.364010,0x1,sw1,0,0,0.0,0,0,0
2025-07-07T13:10:30.364010,0x2,sw2,0,0,0.0,0,0,0
2025-07-07T13:10:40.386781,0x1,sw1,0,0,0.0,0,0,0
2025-07-07T13:10:40.386781,0x2,sw2,0,0,0.0,0,0,0
2025-07-07T13:10:50.426573,0x1,sw1,0,0,0.0,0,0,0
2025-07-07T13:10:50.426573,0x2,sw2,0,0,0.0,0,0,0
2025-07-07T13:11:00.470763,0x1,sw1,0,0,0.0,0,0,0
2025-07-07T13:11:00.470763,0x2,sw2,0,0,0.0,0,0,0
2025-07-07T13:11:10.492981,0x1,sw1,0,0,0.0,0,0,0
2025-07-07T13:11:10.492981,0x2,sw2,0,0,0.0,0,0,0
2025-07-07T13:11:20.510659,0x1,sw1,0,0,0.0,0,0,0
2025-07-07T13:11:20.510659,0x2,sw2,0,0,0.0,0,0,0
2025-07-07T13:11:30.544679,0x1,sw1,0,0,0.0,0,0,0
2025-07-07T13:11:30.544679,0x2,sw2,0,0,0.0,0,0,0
2025-07-07T13:11:40.561099,0x1,sw1,0,0,0.0,0,0,0
2025-07-07T13:11:40.561099,0x2,sw2,0,0,0.0,0,0,0
2025-07-07T13:11:50.576746,0x1,sw1,0,0,0.0,0,0,0
2025-07-07T13:11:50.576746,0x2,sw2,0,0,0.0,0,0,0
2025-07-07T13:12:00.593436,0x1,sw1,0,0,0.0,0,0,0
2025-07-07T13:12:00.593436,0x2,sw2,0,0,0.0,0,0,0
2025-07-07T13:12:10.623900,0x1,sw1,0,0,0.0,0,0,0
2025-07-07T13:12:10.623900,0x2,sw2,0,0,0.0,0,0,0
2025-07-07T13:12:20.648615,0x1,sw1,0,0,0.0,0,0,0
2025-07-07T13:12:20.648615,0x2,sw2,0,0,0.0,0,0,0
2025-07-07T13:12:30.693855,0x1,sw1,0,0,0.0,0,0,0
2025-07-07T13:12:30.693855,0x2,sw2,0,0,0.0,0,0,0
2025-07-07T13:12:40.736274,0x1,sw1,0,0,0.0,0,0,0
2025-07-07T13:12:40.736274,0x2,sw2,0,0,0.0,0,0,0
2025-07-07T13:12:50.765884,0x1,sw1,0,0,0.0,0,0,0
2025-07-07T13:12:50.765884,0x2,sw2,0,0,0.0,0,0,0
2025-07-07T13:13:00.800267,0x1,sw1,0,0,0.0,0,0,0
2025-07-07T13:13:00.800267,0x2,sw2,0,0,0.0,0,0,0
2025-07-07T13:13:10.844832,0x1,sw1,0,0,0.0,0,0,0
2025-07-07T13:13:10.844832,0x2,sw2,0,0,0.0,0,0,0
2025-07-07T13:13:20.874476,0x1,sw1,0,0,0.0,0,0,0
2025-07-07T13:13:20.874476,0x2,sw2,0,0,0.0,0,0,0
2025-07-07T13:13:30.917165,0x1,sw1,0,0,0.0,0,0,0
2025-07-07T13:13:30.917165,0x2,sw2,0,0,0.0,0,0,0
2025-07-07T13:13:40.945533,0x1,sw1,0,0,0.0,0,0,0
2025-07-07T13:13:40.945533,0x2,sw2,0,0,0.0,0,0,0
2025-07-07T13:13:50.971894,0x1,sw1,0,0,0.0,0,0,0
2025-07-07T13:13:50.971894,0x2,sw2,0,0,0.0,0,0,0
2025-07-07T13:14:00.997329,0x1,sw1,0,0,1.0,0,0,0
2025-07-07T13:14:00.997329,0x2,sw2,0,0,0.0,0,0,0
2025-07-07T13:14:11.037756,0x1,sw1,0,0,0.0,0,0,0
2025-07-07T13:14:11.037756,0x2,sw2,0,0,0.0,0,0,0
2025-07-07T13:14:21.063363,0x1,sw1,0,0,0.0,0,0,0
2025-07-07T13:14:21.063363,0x2,sw2,0,0,0.0,0,0,0
2025-07-07T13:14:31.087979,0x1,sw1,0,0,0.0,0,0,0
2025-07-07T13:14:31.087979,0x2,sw2,0,0,0.0,0,0,0
2025-07-07T13:14:41.112324,0x1,sw1,0,0,0.0,0,0,0
2025-07-07T13:14:41.112324,0x2,sw2,0,0,0.0,0,0,0
2025-07-07T13:14:51.143323,0x1,sw1,0,0,0.0,0,0,0
2025-07-07T13:14:51.143323,0x2,sw2,0,0,0.0,0,0,0
2025-07-07T13:15:01.158086,0x1,sw1,0,0,0.0,0,0,0
2025-07-07T13:15:01.158086,0x2,sw2,0,0,0.0,0,0,0
2025-07-07T13:15:11.182033,0x1,sw1,0,0,0.0,0,0,0
2025-07-07T13:15:11.182033,0x2,sw2,0,0,0.0,0,0,0
2025-07-07T13:15:21.202519,0x1,sw1,0,0,0.0,0,0,0
2025-07-07T13:15:21.202519,0x2,sw2,0,0,0.0,0,0,0
2025-07-07T13:15:31.234551,0x1,sw1,0,0,0.0,0,0,0
2025-07-07T13:15:31.234551,0x2,sw2,0,0,0.0,0,0,0
2025-07-07T13:15:41.276402,0x1,sw1,0,0,0.0,0,0,0
2025-07-07T13:15:41.276402,0x2,sw2,0,0,0.0,0,0,0
2025-07-07T13:15:51.298527,0x1,sw1,0,0,0.0,0,0,0
2025-07-07T13:15:51.298527,0x2,sw2,0,0,0.0,0,0,0
2025-07-07T13:16:01.318590,0x1,sw1,0,0,0.0,0,0,0
2025-07-07T13:16:01.318590,0x2,sw2,0,0,0.0,0,0,0
2025-07-07T13:16:11.341034,0x1,sw1,0,0,0.0,0,0,0
2025-07-07T13:16:11.341034,0x2,sw2,0,0,0.0,0,0,0
2025-07-07T13:16:21.357497,0x1,sw1,0,0,0.0,0,0,0
2025-07-07T13:16:21.357497,0x2,sw2,0,0,0.0,0,0,0
2025-07-07T13:18:24.210939,0x1,sw1,0,0,0.0,0,0,0
2025-07-07T13:18:24.210939,0x2,sw2,0,0,0.0,0,0,0
2025-07-07T13:18:34.247885,0x1,sw1,0,0,0.0,0,0,0
2025-07-07T13:18:34.247885,0x2,sw2,0,0,0.0,0,0,0
2025-07-07T13:18:44.281864,0x1,sw1,0,0,2.0,0,0,0
2025-07-07T13:18:44.281864,0x2,sw2,0,0,0.0,0,0,0
2025-07-07T13:18:54.305530,0x1,sw1,0,0,0.0,0,0,0
2025-07-07T13:18:54.305530,0x2,sw2,0,0,0.0,0,0,0
2025-07-07T13:19:04.330085,0x1,sw1,0,0,0.0,0,0,0
2025-07-07T13:19:04.330085,0x2,sw2,0,0,0.0,0,0,0
2025-07-07T13:19:14.362825,0x1,sw1,0,0,0.0,0,0,0
2025-07-07T13:19:14.362825,0x2,sw2,0,0,0.0,0,0,0
2025-07-07T13:19:24.383868,0x1,sw1,0,0,0.0,0,0,0
2025-07-07T13:19:24.383868,0x2,sw2,0,0,0.0,0,0,0
2025-07-07T13:19:34.396764,0x1,sw1,0,0,0.0,0,0,0
2025-07-07T13:19:34.396764,0x2,sw2,0,0,0.0,0,0,0
2025-07-07T13:19:44.417457,0x1,sw1,0,0,0.0,0,0,0
2025-07-07T13:19:44.417457,0x2,sw2,0,0,0.0,0,0,0
2025-07-07T13:19:54.444833,0x1,sw1,0,0,0.0,0,0,0
2025-07-07T13:19:54.444833,0x2,sw2,0,0,0.0,0,0,0
2025-07-07T13:20:04.465042,0x1,sw1,0,0,0.0,0,0,0
2025-07-07T13:20:04.465042,0x2,sw2,0,0,0.0,0,0,0
2025-07-07T13:20:14.490745,0x1,sw1,0,0,0.0,0,0,0
2025-07-07T13:20:14.490745,0x2,sw2,0,0,0.0,0,0,0
2025-07-07T13:20:24.513055,0x1,sw1,0,0,0.0,0,0,0
2025-07-07T13:20:24.513055,0x2,sw2,0,0,0.0,0,0,0
2025-07-07T13:20:34.525424,0x1,sw1,0,0,0.0,0,0,0
2025-07-07T13:20:34.525424,0x2,sw2,0,0,0.0,0,0,0
2025-07-07T13:20:44.548772,0x1,sw1,0,0,0.0,0,0,0
2025-07-07T13:20:44.548772,0x2,sw2,0,0,0.0,0,0,0
2025-07-07T13:20:54.576595,0x1,sw1,0,0,0.0,0,0,0
2025-07-07T13:20:54.576595,0x2,sw2,0,0,0.0,0,0,0
2025-07-07T13:21:04.596464,0x1,sw1,0,0,0.0,0,0,0
2025-07-07T13:21:04.596464,0x2,sw2,0,0,0.0,0,0,0
2025-07-07T13:21:14.620117,0x1,sw1,0,0,0.0,0,0,0
2025-07-07T13:21:14.620117,0x2,sw2,0,0,0.0,0,0,0
2025-07-07T13:21:24.652931,0x1,sw1,0,0,0.0,0,0,0
2025-07-07T13:21:24.652931,0x2,sw2,0,0,0.0,0,0,0
2025-07-07T13:21:34.673970,0x1,sw1,0,0,0.0,0,0,0
2025-07-07T13:21:34.673970,0x2,sw2,0,0,0.0,0,0,0
2025-07-07T13:21:44.701638,0x1,sw1,0,0,0.0,0,0,0
2025-07-07T13:21:44.701638,0x2,sw2,0,0,0.0,0,0,0
2025-07-07T13:21:54.724192,0x1,sw1,0,0,0.0,0,0,0
2025-07-07T13:21:54.724192,0x2,sw2,0,0,0.0,0,0,0
2025-07-07T13:22:04.746842,0x1,sw1,0,0,0.0,0,0,0
2025-07-07T13:22:04.746842,0x2,sw2,0,0,0.0,0,0,0
2025-07-07T13:22:14.785518,0x1,sw1,0,0,0.0,0,0,0
2025-07-07T13:22:14.785518,0x2,sw2,0,0,0.0,0,0,0
2025-07-07T13:22:24.833593,0x1,sw1,0,0,0.0,0,0,0
2025-07-07T13:22:24.833593,0x2,sw2,0,0,0.0,0,0,0
2025-07-07T13:22:34.862466,0x1,sw1,0,0,0.0,0,0,0
2025-07-07T13:22:34.862466,0x2,sw2,0,0,0.0,0,0,0
2025-07-07T13:22:44.900339,0x1,sw1,0,0,0.0,0,0,0
2025-07-07T13:22:44.900339,0x2,sw2,0,0,0.0,0,0,0
2025-07-07T13:22:54.929334,0x1,sw1,0,0,0.0,0,0,0
2025-07-07T13:22:54.929334,0x2,sw2,0,0,0.0,0,0,0
2025-07-07T13:23:04.977927,0x1,sw1,0,0,0.0,0,0,0
2025-07-07T13:23:04.977927,0x2,sw2,0,0,0.0,0,0,0
2025-07-07T13:23:14.996266,0x1,sw1,0,0,0.0,0,0,0
2025-07-07T13:23:14.996266,0x2,sw2,0,0,0.0,0,0,0
2025-07-07T13:23:25.018392,0x1,sw1,0,0,0.0,0,0,0
2025-07-07T13:23:25.018392,0x2,sw2,0,0,0.0,0,0,0
2025-07-07T13:23:35.041728,0x1,sw1,0,0,0.0,0,0,0
2025-07-07T13:23:35.041728,0x2,sw2,0,0,0.0,0,0,0
2025-07-07T13:23:45.077529,0x1,sw1,0,0,0.0,0,0,0
2025-07-07T13:23:45.077529,0x2,sw2,0,0,0.0,0,0,0
2025-07-07T13:23:55.103165,0x1,sw1,0,0,0.0,0,0,0
2025-07-07T13:23:55.103165,0x2,sw2,0,0,0.0,0,0,0
2025-07-07T13:24:05.135253,0x1,sw1,0,0,0.0,0,0,0
2025-07-07T13:24:05.135253,0x2,sw2,0,0,0.0,0,0,0
